name,hash
BASN_LandbasedWind_Class3_Moderate__technology_landbasedwind_group_anyQual_min_capacity_100000_filter_feature_lcoe_max_75_bin_feature_lcoe_q_6_weights_mw_cluster_feature_cf_mw_per_cluster_5000_method_agg_,9d68adee128f5277a1207eead4b11007ae5c9c1098a5eba1c0ece936d94f5cd0
BASN_UtilityPV_Class1_Moderate__technology_utilitypv_group_anyQual_min_capacity_100000_filter_feature_lcoe_max_35_bin_feature_lcoe_weights_mw_q_5_cluster_feature_longitude_mw_per_cluster_10000_method_agg_,3bef1f90ccae0047a65fb4a79823bd92cba2e11a1c3b154e866c9424beccacda
BASN_OffShoreWind_Class3_Moderate__technology_offshorewind_turbine_type_fixed_pref_site_1_filter_feature_lcoe_max_150_feature_d_shore_m_min_15_bin_feature_interconnect_capex_mw_q_3_weights_mw_,d81ca80a1dcfbd918ed2452db03f135df84b25ceee642e45478880e91ed84cc2
BASN_OffShoreWind_Class12_Moderate__technology_offshorewind_turbine_type_floating_pref_site_1_filter_feature_lcoe_max_150_weights_mw_feature_d_shore_m_min_15_bin_feature_interconnect_capex_mw_q_3_weights_mw_,4189d0f7c56f002c3bbd8dc6350408307f125f625cd1b2c43eab78828e633ea1
BASN_OffShoreWind_Class3_Moderate__technology_offshorewind_turbine_type_fixed_pref_site_0_filter_feature_lcoe_max_150_feature_d_shore_m_min_15_bin_feature_interconnect_capex_mw_q_3_weights_mw_,76b57336844b87158a4c1d40f696cf233d6c4cb92142d4a7d34781ea4a9989b2
BASN_OffShoreWind_Class12_Moderate__technology_offshorewind_turbine_type_floating_pref_site_0_filter_feature_lcoe_max_150_feature_d_shore_m_min_15_bin_feature_interconnect_capex_mw_q_3_weights_mw_,3735ece36cbc19976aac5a6bf1130d1c9adedc9dbfe6096ec7ea6031d4631073
CANO_LandbasedWind_Class3_Moderate__technology_landbasedwind_group_anyQual_filter_feature_lcoe_max_90_bin_feature_lcoe_q_6_weights_mw_cluster_feature_cf_mw_per_cluster_5000_method_agg_,bc38b92aa1e911fa64ee497bc7438987d75d653def9691fa2b69ae72c0370851
CANO_UtilityPV_Class1_Moderate__technology_utilitypv_group_anyQual_min_capacity_200000_bin_feature_lcoe_weights_mw_q_5_cluster_feature_longitude_mw_per_cluster_10000_method_agg_,262f94804d859003a6bbc011cd1e8b9f74e15a2e4cf1543dada4946b90bb4324
CANO_OffShoreWind_Class3_Moderate__technology_offshorewind_turbine_type_fixed_pref_site_1_filter_feature_lcoe_max_150_feature_d_shore_m_min_15_bin_feature_interconnect_capex_mw_q_3_weights_mw_,0c2895b1e4be99b573d8e29cac36ca2edf5d3bea31a00f4a5c22f3733257a410
CANO_OffShoreWind_Class12_Moderate__technology_offshorewind_turbine_type_floating_pref_site_1_filter_feature_lcoe_max_150_weights_mw_feature_d_shore_m_min_15_bin_feature_interconnect_capex_mw_q_3_weights_mw_,f60fabda472c19e07fa272fe029d90ef17ef396e5ae23397c5e3a0e98c77368c
CANO_OffShoreWind_Class3_Moderate__technology_offshorewind_turbine_type_fixed_pref_site_0_filter_feature_lcoe_max_150_feature_d_shore_m_min_15_bin_feature_interconnect_capex_mw_q_3_weights_mw_,8ea5bf2fecc62f59ad80322b4eab6e5b4ef81154ac899a26778e528ea82ec459
CANO_OffShoreWind_Class12_Moderate__technology_offshorewind_turbine_type_floating_pref_site_0_filter_feature_lcoe_max_150_feature_d_shore_m_min_15_bin_feature_interconnect_capex_mw_q_3_weights_mw_,142c9bb0ddfd87fddb249cdd98fe4fedfd5cde4ca71d0ece50e66159803b9350
CASO_LandbasedWind_Class3_Moderate__technology_landbasedwind_group_anyQual_filter_feature_lcoe_max_90_bin_feature_lcoe_q_6_weights_mw_cluster_feature_cf_mw_per_cluster_5000_method_agg_,0245370212b4dd167a195dab4880bdcadef81382367dfcf4d3833b66728ec560
CASO_UtilityPV_Class1_Moderate__technology_utilitypv_group_anyQual_min_capacity_100000_filter_feature_lcoe_max_40_bin_feature_lcoe_weights_mw_q_5_cluster_feature_cf_mw_per_cluster_10000_method_agg_,dbe58d3d55df13258af331b41f676a4f679bf429717d0d6b51b8341607891ab0
CASO_OffShoreWind_Class3_Moderate__technology_offshorewind_turbine_type_fixed_pref_site_1_filter_feature_lcoe_max_150_feature_d_shore_m_min_15_bin_feature_interconnect_capex_mw_q_3_weights_mw_,7a2d7cc54e97bd3d2c43d7026bd9b3aa4da00dd79b90c6f48d199fce82032b93
CASO_OffShoreWind_Class12_Moderate__technology_offshorewind_turbine_type_floating_pref_site_1_filter_feature_lcoe_max_150_weights_mw_feature_d_shore_m_min_15_bin_feature_interconnect_capex_mw_q_3_weights_mw_,b13675dfe2cbafdc445b6ac92f3d24a68be04cf47c16eddcb75f06a90a53cff6
CASO_OffShoreWind_Class3_Moderate__technology_offshorewind_turbine_type_fixed_pref_site_0_filter_feature_lcoe_max_150_feature_d_shore_m_min_15_bin_feature_interconnect_capex_mw_q_3_weights_mw_,702d41d7e7d352960da13280d33f746d784a8cd2ba4f7bb6ec86276b2d6fc094
CASO_OffShoreWind_Class12_Moderate__technology_offshorewind_turbine_type_floating_pref_site_0_filter_feature_lcoe_max_150_feature_d_shore_m_min_15_bin_feature_interconnect_capex_mw_q_3_weights_mw_,bd0ac14b47ebb6be615015599be7144538937a318567f0e2b4461208cf86bf21
FRCC_LandbasedWind_Class3_Moderate__technology_landbasedwind_group_anyQual_bin_feature_lcoe_q_4_weights_mw_cluster_feature_cf_n_clusters_3_method_agg_,cf0c3a4eb3c2abee6a5fd4339ce08ee9b0773666b0bd9b4f78406f97b8ba5aa2
FRCC_UtilityPV_Class1_Moderate__technology_utilitypv_group_anyQual_min_capacity_200000_filter_feature_lcoe_max_40_bin_feature_lcoe_weights_mw_q_5_cluster_feature_cf_mw_per_cluster_10000_method_agg_,834c3066a191534c88eca2af14c8ee9894dd80ae32133b9eaea24701c883038f
FRCC_OffShoreWind_Class3_Moderate__technology_offshorewind_turbine_type_fixed_pref_site_1_filter_feature_lcoe_max_150_feature_d_shore_m_min_15_bin_feature_interconnect_capex_mw_q_3_weights_mw_,82369dff48904aba23648a80ce33c6095d05e4d5ef4c33c6223c76f7bbf9b738
FRCC_OffShoreWind_Class12_Moderate__technology_offshorewind_turbine_type_floating_pref_site_1_filter_feature_lcoe_max_150_weights_mw_feature_d_shore_m_min_15_bin_feature_interconnect_capex_mw_q_3_weights_mw_,ae6e15d91ab87df42783163c7e11d84e0135f993442aaf6b16fb6267f20793b4
FRCC_OffShoreWind_Class3_Moderate__technology_offshorewind_turbine_type_fixed_pref_site_0_filter_feature_lcoe_max_150_feature_d_shore_m_min_15_bin_feature_interconnect_capex_mw_q_3_weights_mw_,6e9dc942eabb260c8a59e5692cd16d24894c2b71981802b0518a1aff9736e996
FRCC_OffShoreWind_Class12_Moderate__technology_offshorewind_turbine_type_floating_pref_site_0_filter_feature_lcoe_max_150_feature_d_shore_m_min_15_bin_feature_interconnect_capex_mw_q_3_weights_mw_,d1907afea9ab78bb6e34a48706a88248ba4b16c4a0a8e50deab0ec79b1ca27c7
ISNE_UtilityPV_Class1_Moderate__technology_utilitypv_group_anyQual_min_capacity_200000_bin_feature_lcoe_weights_mw_q_5_cluster_feature_cf_mw_per_cluster_10000_method_agg_,444b48e1edc763e491f423e3d1d804a7eb7fddb218332f5b1810ed90a5f1efcf
ISNE_LandbasedWind_Class3_Moderate__technology_landbasedwind_group_anyQual_filter_feature_lcoe_max_80_bin_feature_lcoe_q_6_weights_mw_cluster_feature_cf_mw_per_cluster_5000_method_agg_,fa626754a43fdc10e348d045156e3d9fec3a23f6cd36406f27d4a6fcb4e59245
ISNE_OffShoreWind_Class3_Moderate__technology_offshorewind_turbine_type_fixed_pref_site_1_filter_feature_lcoe_max_150_feature_d_shore_m_min_15_bin_feature_interconnect_capex_mw_q_3_weights_mw_,58eecf6771bed504fee13fdef78ebdbf4cdb4891cc644b3c388b2933f560543d
ISNE_OffShoreWind_Class12_Moderate__technology_offshorewind_turbine_type_floating_pref_site_1_filter_feature_lcoe_max_150_weights_mw_feature_d_shore_m_min_15_bin_feature_interconnect_capex_mw_q_3_weights_mw_,42a09828c6ee298debfe2de82fcb472ef548af88bafac20f8d7b33f39a4f22c1
ISNE_OffShoreWind_Class3_Moderate__technology_offshorewind_turbine_type_fixed_pref_site_0_filter_feature_lcoe_max_150_feature_d_shore_m_min_15_bin_feature_interconnect_capex_mw_q_3_weights_mw_,5df56da50c9e31a980ba2a15ae50bba3e6105c3006b31f725f1b7ddc3224c690
ISNE_OffShoreWind_Class12_Moderate__technology_offshorewind_turbine_type_floating_pref_site_0_filter_feature_lcoe_max_150_feature_d_shore_m_min_15_bin_feature_interconnect_capex_mw_q_3_weights_mw_,b58730f184282d5d3cd7a7fa0d71c1530b03204640baa0c27bedaa76615d89a3
MISC_UtilityPV_Class1_Moderate__technology_utilitypv_group_anyQual_min_capacity_150000_filter_feature_lcoe_max_35_bin_feature_lcoe_weights_mw_q_5_cluster_feature_cf_mw_per_cluster_10000_method_agg_,2fa393133b06fa8738ea387933a037891ef14c17f19761cccaea57ac91efa706
MISC_LandbasedWind_Class3_Moderate__technology_landbasedwind_group_anyQual_filter_feature_lcoe_max_80_bin_feature_lcoe_q_6_weights_mw_cluster_feature_cf_mw_per_cluster_5000_method_agg_,8e2ec7ff4382b2ac624011482365120a192b75915633756ea5ebc31694111254
MISC_OffShoreWind_Class3_Moderate__technology_offshorewind_turbine_type_fixed_pref_site_1_filter_feature_lcoe_max_150_feature_d_shore_m_min_15_bin_feature_interconnect_capex_mw_q_3_weights_mw_,22f9bb2aa0a6309b3c37bf58ddc631c142a8a8d6e9d4d3685f42debe0c8639da
MISC_OffShoreWind_Class12_Moderate__technology_offshorewind_turbine_type_floating_pref_site_1_filter_feature_lcoe_max_150_weights_mw_feature_d_shore_m_min_15_bin_feature_interconnect_capex_mw_q_3_weights_mw_,d26a56bc3e63ab5246b4d2a498d979d9b09175e39a2dc91059fbb3fb77c8ebe6
MISC_OffShoreWind_Class3_Moderate__technology_offshorewind_turbine_type_fixed_pref_site_0_filter_feature_lcoe_max_150_feature_d_shore_m_min_15_bin_feature_interconnect_capex_mw_q_3_weights_mw_,c10af4ec2803ab1d9ae91832002900b49d01cb5e2385580ea547a9bfe9526538
MISC_OffShoreWind_Class12_Moderate__technology_offshorewind_turbine_type_floating_pref_site_0_filter_feature_lcoe_max_150_feature_d_shore_m_min_15_bin_feature_interconnect_capex_mw_q_3_weights_mw_,d4a19a4867c981bb276b8287661690315a760db55b14ecb2c03b16e0439e3389
MISE_LandbasedWind_Class3_Moderate__technology_landbasedwind_group_anyQual_bin_feature_lcoe_q_4_weights_mw_cluster_feature_cf_n_clusters_3_method_agg_,03b4340346f8b18c48f3011ff3568a98363b568c9f58b8358189b9e220c365c2
MISE_UtilityPV_Class1_Moderate__technology_utilitypv_group_anyQual_min_capacity_100000_filter_feature_lcoe_max_40_bin_feature_lcoe_weights_mw_q_5_cluster_feature_cf_mw_per_cluster_10000_method_agg_,b1d2a22638254011747d13eab5d666ba4f9af5d3426910a709891dac2e87dc1a
MISE_OffShoreWind_Class3_Moderate__technology_offshorewind_turbine_type_fixed_pref_site_1_filter_feature_lcoe_max_150_feature_d_shore_m_min_15_bin_feature_interconnect_capex_mw_q_3_weights_mw_,77a7c6ebd7b24ee1b9b46a808704fe4033e6d36dd080583e44bb1596e28b1dba
MISE_OffShoreWind_Class12_Moderate__technology_offshorewind_turbine_type_floating_pref_site_1_filter_feature_lcoe_max_150_weights_mw_feature_d_shore_m_min_15_bin_feature_interconnect_capex_mw_q_3_weights_mw_,dfbd88879842cdbf75027fc62d5a295d08f00d734ce6fe3adfa5091dec13046e
MISE_OffShoreWind_Class3_Moderate__technology_offshorewind_turbine_type_fixed_pref_site_0_filter_feature_lcoe_max_150_feature_d_shore_m_min_15_bin_feature_interconnect_capex_mw_q_3_weights_mw_,58346336ea85f791ea3eafef89a29c0926f23392d74c811358dcf65682e355aa
MISE_OffShoreWind_Class12_Moderate__technology_offshorewind_turbine_type_floating_pref_site_0_filter_feature_lcoe_max_150_feature_d_shore_m_min_15_bin_feature_interconnect_capex_mw_q_3_weights_mw_,51f065690dcbd1423fc5f6d181b700262f2d938cb09e724e7ebe3e50ea856106
MISS_UtilityPV_Class1_Moderate__technology_utilitypv_group_anyQual_min_capacity_50000_filter_feature_lcoe_max_35_bin_feature_lcoe_weights_mw_q_5_cluster_feature_cf_mw_per_cluster_10000_method_agg_,51722526a71a4cd7fa5ec47fc1e95888e0dc41371429bb639ff92f5ce102c67a
MISS_LandbasedWind_Class3_Moderate__technology_landbasedwind_group_anyQual_filter_feature_lcoe_max_80_bin_feature_lcoe_q_6_weights_mw_cluster_feature_cf_mw_per_cluster_5000_method_agg_,a93b1ec79ab2eb0fd28d23b65ad5b59217b2866c4b1e99216417e52d4dea2104
MISS_OffShoreWind_Class3_Moderate__technology_offshorewind_turbine_type_fixed_pref_site_1_filter_feature_lcoe_max_150_feature_d_shore_m_min_15_bin_feature_interconnect_capex_mw_q_3_weights_mw_,9e1e54f53f0cc04739012e9aa751d9c693499ed896372e3bcda7a4a3e594dc13
MISS_OffShoreWind_Class12_Moderate__technology_offshorewind_turbine_type_floating_pref_site_1_filter_feature_lcoe_max_150_weights_mw_feature_d_shore_m_min_15_bin_feature_interconnect_capex_mw_q_3_weights_mw_,e7dad128e5f59ea6fd35d1b8e29a6a8f22681233451bceca5cceccfb7ce7ddb3
MISS_OffShoreWind_Class3_Moderate__technology_offshorewind_turbine_type_fixed_pref_site_0_filter_feature_lcoe_max_150_feature_d_shore_m_min_15_bin_feature_interconnect_capex_mw_q_3_weights_mw_,c61403b297f9d3025f7325b1468db24a0ba7b90c41d7b08173e81487b981fa86
MISS_OffShoreWind_Class12_Moderate__technology_offshorewind_turbine_type_floating_pref_site_0_filter_feature_lcoe_max_150_feature_d_shore_m_min_15_bin_feature_interconnect_capex_mw_q_3_weights_mw_,157644dcaecc7642b64810e6ac9ac5d97188e9a037643b02aebe6c7793b9bda5
MISW_LandbasedWind_Class3_Moderate__technology_landbasedwind_group_anyQual_min_capacity_200000_filter_feature_lcoe_max_45_bin_feature_lcoe_q_6_weights_mw_cluster_feature_cf_mw_per_cluster_5000_method_agg_,c5fec6c176e4fb717a97c262f7653daa056288042547f61f0d82206b76345617
MISW_UtilityPV_Class1_Moderate__technology_utilitypv_group_anyQual_min_capacity_200000_filter_feature_lcoe_max_35_bin_feature_lcoe_weights_mw_q_5_cluster_feature_longitude_mw_per_cluster_10000_method_agg_,8a4c04a9891d82996c23bd4a65f0dd3d0397463bef773aa642baac2e74c1db83
MISW_OffShoreWind_Class3_Moderate__technology_offshorewind_turbine_type_fixed_pref_site_1_filter_feature_lcoe_max_150_feature_d_shore_m_min_15_bin_feature_interconnect_capex_mw_q_3_weights_mw_,8d5d2b5dbbe201b5049ff79b8b5628ee68e7e14b2d868c48aeda879bd7c5d416
MISW_OffShoreWind_Class12_Moderate__technology_offshorewind_turbine_type_floating_pref_site_1_filter_feature_lcoe_max_150_weights_mw_feature_d_shore_m_min_15_bin_feature_interconnect_capex_mw_q_3_weights_mw_,5216486b01616ed09a9b84727d6e4cf1681c49bd15c3348fd6ac6d201109ce14
MISW_OffShoreWind_Class3_Moderate__technology_offshorewind_turbine_type_fixed_pref_site_0_filter_feature_lcoe_max_150_feature_d_shore_m_min_15_bin_feature_interconnect_capex_mw_q_3_weights_mw_,1ad4afe18bf7d6e328b3b37f8cdf696028e3c0971c06e96c6f1fd566393a8cbe
MISW_OffShoreWind_Class12_Moderate__technology_offshorewind_turbine_type_floating_pref_site_0_filter_feature_lcoe_max_150_feature_d_shore_m_min_15_bin_feature_interconnect_capex_mw_q_3_weights_mw_,31971957b0c7553398821ee5b0335685d04c90c4335c577a7bb3086da3bcbf5f
NWPP_LandbasedWind_Class3_Moderate__technology_landbasedwind_group_anyQual_min_capacity_100000_bin_feature_lcoe_q_6_weights_mw_cluster_feature_cf_mw_per_cluster_5000_method_agg_,093b600184b6d0880b7e34b70450751efc5fc806878f8524013e59f023c36ec2
NWPP_UtilityPV_Class1_Moderate__technology_utilitypv_group_anyQual_min_capacity_200000_bin_feature_lcoe_weights_mw_q_5_cluster_feature_cf_mw_per_cluster_10000_method_agg_,a17dd9b16ac88aa4df4b86fda888237e16fbde480795906a9f979ed22d9d806f
NWPP_OffShoreWind_Class3_Moderate__technology_offshorewind_turbine_type_fixed_pref_site_1_filter_feature_lcoe_max_150_feature_d_shore_m_min_15_bin_feature_interconnect_capex_mw_q_3_weights_mw_,a815b1e1fc6b89b0bf821aa1dd0bc261578963d9afa096ee996933b4d689ffe2
NWPP_OffShoreWind_Class12_Moderate__technology_offshorewind_turbine_type_floating_pref_site_1_filter_feature_lcoe_max_150_weights_mw_feature_d_shore_m_min_15_bin_feature_interconnect_capex_mw_q_3_weights_mw_,52bb05bde1d93fa2826ea4219b83adae141ee4d7ec9ed1613dc2288b7aa3108a
NWPP_OffShoreWind_Class3_Moderate__technology_offshorewind_turbine_type_fixed_pref_site_0_filter_feature_lcoe_max_150_feature_d_shore_m_min_15_bin_feature_interconnect_capex_mw_q_3_weights_mw_,ec47341f44cfb491f16e75c3a0b7eb55a08bcd18b07f79f300019d357d91d99a
NWPP_OffShoreWind_Class12_Moderate__technology_offshorewind_turbine_type_floating_pref_site_0_filter_feature_lcoe_max_150_feature_d_shore_m_min_15_bin_feature_interconnect_capex_mw_q_3_weights_mw_,4f73bd669bd02174aac6ea0ef2ab8320bd7319905f082a05f432ffbf15e9d857
NYCW_LandbasedWind_Class3_Moderate__technology_landbasedwind_group_anyQual_filter_feature_lcoe_max_80_bin_feature_lcoe_q_6_weights_mw_cluster_feature_cf_mw_per_cluster_5000_method_agg_,c04d2fa0d395bf2ae5fc97efd4f5e5bf907ea95c1bf13e8182950052914e0444
NYCW_UtilityPV_Class1_Moderate__technology_utilitypv_group_anyQual_min_capacity_100000_filter_feature_lcoe_max_40_bin_feature_lcoe_weights_mw_q_5_cluster_feature_cf_mw_per_cluster_10000_method_agg_,68a64e0bd66ba5bc358540f8d28682b7ed41361e0a76ce591a4b46c0a35da46c
NYCW_OffShoreWind_Class3_Moderate__technology_offshorewind_turbine_type_fixed_pref_site_1_filter_feature_lcoe_max_150_feature_d_shore_m_min_15_bin_feature_interconnect_capex_mw_q_3_weights_mw_,08f6d872982712482733b2874d0a65c048a0caabc30440b10b67ffe522d052df
NYCW_OffShoreWind_Class12_Moderate__technology_offshorewind_turbine_type_floating_pref_site_1_filter_feature_lcoe_max_150_weights_mw_feature_d_shore_m_min_15_bin_feature_interconnect_capex_mw_q_3_weights_mw_,b709ca9b49fe090ab0e9655547db2adfc03469bfdd57c4c7af765a752c735f45
NYCW_OffShoreWind_Class3_Moderate__technology_offshorewind_turbine_type_fixed_pref_site_0_filter_feature_lcoe_max_150_feature_d_shore_m_min_15_bin_feature_interconnect_capex_mw_q_3_weights_mw_,9ee0d5b2921d1c3853708a366beda73bbc6d6cc932007b7b2241ab64107b4556
NYCW_OffShoreWind_Class12_Moderate__technology_offshorewind_turbine_type_floating_pref_site_0_filter_feature_lcoe_max_150_feature_d_shore_m_min_15_bin_feature_interconnect_capex_mw_q_3_weights_mw_,375cf25fa9ff1ce502d93d5e9c5477d2044a3af06b7707ea2f37f70b818a6735
NYUP_LandbasedWind_Class3_Moderate__technology_landbasedwind_group_anyQual_min_capacity_40000_bin_feature_lcoe_q_6_weights_mw_cluster_feature_cf_mw_per_cluster_5000_method_agg_,e43e733abf48795f3155b2b474d91e3dcfc964d72b62ee214b9aedab895e0913
NYUP_UtilityPV_Class1_Moderate__technology_utilitypv_group_anyQual_min_capacity_100000_bin_feature_lcoe_weights_mw_q_5_cluster_feature_cf_mw_per_cluster_10000_method_agg_,d5e1c6c0ce7cb838fdad3c99f69c8bc8331b314386b4d52a9e866ac895b102b9
NYUP_OffShoreWind_Class3_Moderate__technology_offshorewind_turbine_type_fixed_pref_site_1_filter_feature_lcoe_max_150_feature_d_shore_m_min_15_bin_feature_interconnect_capex_mw_q_3_weights_mw_,33471d86045a83a03c30189703a15ec9346b5a3cd8b18856ade791015fcce274
NYUP_OffShoreWind_Class12_Moderate__technology_offshorewind_turbine_type_floating_pref_site_1_filter_feature_lcoe_max_150_weights_mw_feature_d_shore_m_min_15_bin_feature_interconnect_capex_mw_q_3_weights_mw_,3b952d717b274f36c414f3bf7d86709f684833a42bfb48538ea530f5ae357a44
NYUP_OffShoreWind_Class3_Moderate__technology_offshorewind_turbine_type_fixed_pref_site_0_filter_feature_lcoe_max_150_feature_d_shore_m_min_15_bin_feature_interconnect_capex_mw_q_3_weights_mw_,155f8512ce4dd5f5a523c49f047c547b30cac5a90b26e7fb67f85f810581eb4e
NYUP_OffShoreWind_Class12_Moderate__technology_offshorewind_turbine_type_floating_pref_site_0_filter_feature_lcoe_max_150_feature_d_shore_m_min_15_bin_feature_interconnect_capex_mw_q_3_weights_mw_,86cbac23745feb6547cce1ec5f52952b08799c3a0b3275eb3f905fadf7d0831b
PJMC_UtilityPV_Class1_Moderate__technology_utilitypv_group_anyQual_min_capacity_50000_filter_feature_lcoe_max_35_bin_feature_lcoe_weights_mw_q_5_cluster_feature_cf_mw_per_cluster_10000_method_agg_,cb1474a973e409518bcaefbbeac437c0e37484c9dd4f79b5846485214fa08daa
PJMC_LandbasedWind_Class3_Moderate__technology_landbasedwind_group_anyQual_filter_feature_lcoe_max_80_bin_feature_lcoe_q_6_weights_mw_cluster_feature_cf_mw_per_cluster_5000_method_agg_,5c45d5d82f20ace1ef84424d7439655da835d6d66527a820c0f695723964a373
PJMC_OffShoreWind_Class3_Moderate__technology_offshorewind_turbine_type_fixed_pref_site_1_filter_feature_lcoe_max_150_feature_d_shore_m_min_15_bin_feature_interconnect_capex_mw_q_3_weights_mw_,8c84cebafe456b22fec3aed761756c1d9ab81f7765b79cbfaaf5d5efc7e9b235
PJMC_OffShoreWind_Class12_Moderate__technology_offshorewind_turbine_type_floating_pref_site_1_filter_feature_lcoe_max_150_weights_mw_feature_d_shore_m_min_15_bin_feature_interconnect_capex_mw_q_3_weights_mw_,24493320a1865203cae7ae154d51bd99a10b53a3d5e626a97755ebd51b7ef249
PJMC_OffShoreWind_Class3_Moderate__technology_offshorewind_turbine_type_fixed_pref_site_0_filter_feature_lcoe_max_150_feature_d_shore_m_min_15_bin_feature_interconnect_capex_mw_q_3_weights_mw_,80ecd2ecc06fd91d5a13a0f48c462ac3dc1f737733d75a84403b6e9768aad86d
PJMC_OffShoreWind_Class12_Moderate__technology_offshorewind_turbine_type_floating_pref_site_0_filter_feature_lcoe_max_150_feature_d_shore_m_min_15_bin_feature_interconnect_capex_mw_q_3_weights_mw_,72d175506d6a198295468e5c1174416517fb1fdb9c9b1d34b18ca8bb6b01626c
PJMD_LandbasedWind_Class3_Moderate__technology_landbasedwind_group_anyQual_min_capacity_20000_bin_feature_lcoe_q_6_weights_mw_cluster_feature_cf_mw_per_cluster_5000_method_agg_,85bf5603975d07f6efdd0126ccd8003980660df4292b726120615fe2d774aa2e
PJMD_UtilityPV_Class1_Moderate__technology_utilitypv_group_anyQual_min_capacity_200000_bin_feature_lcoe_weights_mw_q_5_cluster_feature_cf_mw_per_cluster_10000_method_agg_,a14b5ec73ae9d1f336cb2970f84904c247f3f63606c3b53c8a8468ab0c054e44
PJMD_OffShoreWind_Class3_Moderate__technology_offshorewind_turbine_type_fixed_pref_site_1_filter_feature_lcoe_max_150_feature_d_shore_m_min_15_bin_feature_interconnect_capex_mw_q_3_weights_mw_,6df65c60376f61de8ed67b10ec3ee66591fe09094c1e5fc4b3122a1e7a91865a
PJMD_OffShoreWind_Class12_Moderate__technology_offshorewind_turbine_type_floating_pref_site_1_filter_feature_lcoe_max_150_weights_mw_feature_d_shore_m_min_15_bin_feature_interconnect_capex_mw_q_3_weights_mw_,e91d40525d341fefb092e4a4091b47e5a2232c8cb75117d3c018ab02cebf21bf
PJMD_OffShoreWind_Class3_Moderate__technology_offshorewind_turbine_type_fixed_pref_site_0_filter_feature_lcoe_max_150_feature_d_shore_m_min_15_bin_feature_interconnect_capex_mw_q_3_weights_mw_,97d72d36d360cf914ca6b6e5a1cdb65904b51fa8d39cc5e948d0fcbcd098122c
PJMD_OffShoreWind_Class12_Moderate__technology_offshorewind_turbine_type_floating_pref_site_0_filter_feature_lcoe_max_150_feature_d_shore_m_min_15_bin_feature_interconnect_capex_mw_q_3_weights_mw_,11037df549afb0a02f936522455966f13d2ed1a4168b36922093fe8f64079fbc
PJME_LandbasedWind_Class3_Moderate__technology_landbasedwind_group_anyQual_bin_feature_lcoe_q_3_weights_mw_cluster_feature_cf_n_clusters_2_method_agg_,6ddc060dd2e4aee763ac5297853827fe2d6fa2bdf881669270dd5372e0b72e6b
PJME_UtilityPV_Class1_Moderate__technology_utilitypv_group_anyQual_min_capacity_125000_filter_feature_lcoe_max_40_bin_feature_lcoe_weights_mw_q_5_cluster_feature_cf_mw_per_cluster_10000_method_agg_,2f58b02c9fbb5a1a634db92125887b05e16ffa98724eeab20f9440acb207f4aa
PJME_OffShoreWind_Class3_Moderate__technology_offshorewind_turbine_type_fixed_pref_site_1_filter_feature_lcoe_max_150_feature_d_shore_m_min_15_bin_feature_interconnect_capex_mw_q_3_weights_mw_,02c8a583792c536692373c946e9588d67f17683521d5db999bded9d7df6bcd96
PJME_OffShoreWind_Class12_Moderate__technology_offshorewind_turbine_type_floating_pref_site_1_filter_feature_lcoe_max_150_weights_mw_feature_d_shore_m_min_15_bin_feature_interconnect_capex_mw_q_3_weights_mw_,0169fb10759b21e0ee78ba0f8b1976b9d3d4a6ec6c24bab4086c6c7b7382235d
PJME_OffShoreWind_Class3_Moderate__technology_offshorewind_turbine_type_fixed_pref_site_0_filter_feature_lcoe_max_150_feature_d_shore_m_min_15_bin_feature_interconnect_capex_mw_q_3_weights_mw_,536a71b32a11053e1de549fdc98e77b98fcdba37e5a00816aa10a61fdf86038d
PJME_OffShoreWind_Class12_Moderate__technology_offshorewind_turbine_type_floating_pref_site_0_filter_feature_lcoe_max_150_feature_d_shore_m_min_15_bin_feature_interconnect_capex_mw_q_3_weights_mw_,f4b23ef8b6325d6cbe10a25bca3157514453fef1ce95b91a8125f846faee8f7c
PJMW_LandbasedWind_Class3_Moderate__technology_landbasedwind_group_anyQual_bin_feature_lcoe_q_5_weights_mw_cluster_feature_cf_mw_per_cluster_5000_method_agg_,e4b539f1de60151a98af3f1b27d5a8253fe9e496704f2b38f03232695264c497
PJMW_UtilityPV_Class1_Moderate__technology_utilitypv_group_anyQual_min_capacity_250000_filter_feature_lcoe_max_35_bin_feature_lcoe_weights_mw_q_5_cluster_feature_cf_mw_per_cluster_10000_method_agg_,2e390be41f08522143ab29e402310d5ab659881368d5c361bf8f5b222591d5b2
PJMW_OffShoreWind_Class3_Moderate__technology_offshorewind_turbine_type_fixed_pref_site_1_filter_feature_lcoe_max_150_feature_d_shore_m_min_15_bin_feature_interconnect_capex_mw_q_3_weights_mw_,b47fbd6ee0b1e1a6f5d89186642ab6018f9823174faa9f0285d3527162297402
PJMW_OffShoreWind_Class12_Moderate__technology_offshorewind_turbine_type_floating_pref_site_1_filter_feature_lcoe_max_150_weights_mw_feature_d_shore_m_min_15_bin_feature_interconnect_capex_mw_q_3_weights_mw_,56fa301fe22daa7fde78f452aa10c2f72bd5276873e782b0e8925fc5dd4cc4ad
PJMW_OffShoreWind_Class3_Moderate__technology_offshorewind_turbine_type_fixed_pref_site_0_filter_feature_lcoe_max_150_feature_d_shore_m_min_15_bin_feature_interconnect_capex_mw_q_3_weights_mw_,25efa1540d2a6dd0c9322f1fd1bf0437aa6e640a778be077646d3c6e2acc24d5
PJMW_OffShoreWind_Class12_Moderate__technology_offshorewind_turbine_type_floating_pref_site_0_filter_feature_lcoe_max_150_feature_d_shore_m_min_15_bin_feature_interconnect_capex_mw_q_3_weights_mw_,12cced802661bb75b98590d2318f26b7478c934cb13bed535e0841f23e74488d
RMRG_LandbasedWind_Class3_Moderate__technology_landbasedwind_group_anyQual_filter_feature_lcoe_max_40_bin_feature_lcoe_q_6_weights_mw_cluster_feature_cf_mw_per_cluster_5000_method_agg_,31e6e1ac03cf166567ac75cd660a6960ba287ccf03e0fc3a99c5e0118b920190
RMRG_UtilityPV_Class1_Moderate__technology_utilitypv_group_anyQual_min_capacity_400000_bin_feature_lcoe_weights_mw_q_5_cluster_feature_cf_mw_per_cluster_10000_method_agg_,b1c7becc9193c49489971a000343384c22685fbaf53ec7a609cbca74b11b5541
RMRG_OffShoreWind_Class3_Moderate__technology_offshorewind_turbine_type_fixed_pref_site_1_filter_feature_lcoe_max_150_feature_d_shore_m_min_15_bin_feature_interconnect_capex_mw_q_3_weights_mw_,9ee0f267fef0ac66a4d1ad00a4af4ef330fb3fe19f57903f813ce267bebe3c58
RMRG_OffShoreWind_Class12_Moderate__technology_offshorewind_turbine_type_floating_pref_site_1_filter_feature_lcoe_max_150_weights_mw_feature_d_shore_m_min_15_bin_feature_interconnect_capex_mw_q_3_weights_mw_,dc387a089d91fd6380cee5b4c66c2c77de3e137c9b2c6108e94699322355248a
RMRG_OffShoreWind_Class3_Moderate__technology_offshorewind_turbine_type_fixed_pref_site_0_filter_feature_lcoe_max_150_feature_d_shore_m_min_15_bin_feature_interconnect_capex_mw_q_3_weights_mw_,e8645d217bfcd737a3c8db274881d671beb394fc4c4987feaceaef62caa9953a
RMRG_OffShoreWind_Class12_Moderate__technology_offshorewind_turbine_type_floating_pref_site_0_filter_feature_lcoe_max_150_feature_d_shore_m_min_15_bin_feature_interconnect_capex_mw_q_3_weights_mw_,435b64c3dcf6182ea7c54cfd3c58770badd022ba016d398ae5020511e54b2803
SPPC_UtilityPV_Class1_Moderate__technology_utilitypv_group_anyQual_min_capacity_60000_filter_feature_lcoe_max_35_bin_feature_lcoe_weights_mw_q_5_cluster_feature_cf_mw_per_cluster_10000_method_agg_,2bd18d4f97bbe9724c09375539d4386b470a9e0a0f191a442fca4977aac6312e
SPPC_LandbasedWind_Class3_Moderate__technology_landbasedwind_group_anyQual_filter_feature_lcoe_max_80_bin_feature_lcoe_q_6_weights_mw_cluster_feature_cf_mw_per_cluster_5000_method_agg_,1953811637a1cc7907685311eb4eb7452bed221ed109b706b7c4779836b8643a
SPPC_OffShoreWind_Class3_Moderate__technology_offshorewind_turbine_type_fixed_pref_site_1_filter_feature_lcoe_max_150_feature_d_shore_m_min_15_bin_feature_interconnect_capex_mw_q_3_weights_mw_,b75fbbc9c345118237e014e9dc7094c867d007c82ad24400c6f0e1065a96807f
SPPC_OffShoreWind_Class12_Moderate__technology_offshorewind_turbine_type_floating_pref_site_1_filter_feature_lcoe_max_150_weights_mw_feature_d_shore_m_min_15_bin_feature_interconnect_capex_mw_q_3_weights_mw_,2ff2453438b80fc18b02ae491bb20365bc5b25e7cf3bf7ff2135243ada9c9d95
SPPC_OffShoreWind_Class3_Moderate__technology_offshorewind_turbine_type_fixed_pref_site_0_filter_feature_lcoe_max_150_feature_d_shore_m_min_15_bin_feature_interconnect_capex_mw_q_3_weights_mw_,e85e664317819972e1df4af2809b061f76510154536ba486358ba906616b49fd
SPPC_OffShoreWind_Class12_Moderate__technology_offshorewind_turbine_type_floating_pref_site_0_filter_feature_lcoe_max_150_feature_d_shore_m_min_15_bin_feature_interconnect_capex_mw_q_3_weights_mw_,4c3005c02a50f4f8a134b0748ffee3aaf3f2296b72d10348fab6f4dcd2f97532
SPPN_LandbasedWind_Class3_Moderate__technology_landbasedwind_group_anyQual_min_capacity_50000_filter_feature_lcoe_max_35_bin_feature_lcoe_q_6_weights_mw_cluster_feature_cf_mw_per_cluster_5000_method_agg_,14f0e89f38be1e93a378225bcf3db0febe56d3559c66c2204d43e46dbd13d6e7
SPPN_UtilityPV_Class1_Moderate__technology_utilitypv_group_anyQual_min_capacity_300000_filter_feature_lcoe_max_35_bin_feature_lcoe_weights_mw_q_5_cluster_feature_cf_mw_per_cluster_10000_method_agg_,85a736cb5872416b5be8f644afe99eae95935477675ce4fdd5f986433a3c9bd4
SPPN_OffShoreWind_Class3_Moderate__technology_offshorewind_turbine_type_fixed_pref_site_1_filter_feature_lcoe_max_150_feature_d_shore_m_min_15_bin_feature_interconnect_capex_mw_q_3_weights_mw_,c258f6cbf2506acc3b73d2037495a3b89b4768fc9da9a1de2de3a1d6232a0aa7
SPPN_OffShoreWind_Class12_Moderate__technology_offshorewind_turbine_type_floating_pref_site_1_filter_feature_lcoe_max_150_weights_mw_feature_d_shore_m_min_15_bin_feature_interconnect_capex_mw_q_3_weights_mw_,6e1c7a5f1d4ec09e987caf0ba935a3724a4eca3d4e79a69958b8efae3e98b4f4
SPPN_OffShoreWind_Class3_Moderate__technology_offshorewind_turbine_type_fixed_pref_site_0_filter_feature_lcoe_max_150_feature_d_shore_m_min_15_bin_feature_interconnect_capex_mw_q_3_weights_mw_,7ab9fe859ba39ce493ae3830c63f6d13e4f47db3b27806f911310f4cd8703857
SPPN_OffShoreWind_Class12_Moderate__technology_offshorewind_turbine_type_floating_pref_site_0_filter_feature_lcoe_max_150_feature_d_shore_m_min_15_bin_feature_interconnect_capex_mw_q_3_weights_mw_,da968fcfbe579462e2959a5a30b812a331f0a8284f39acf0a9aac401248d47ea
SPPS_LandbasedWind_Class3_Moderate__technology_landbasedwind_group_anyQual_min_capacity_175000_filter_feature_lcoe_max_35_bin_feature_lcoe_q_6_weights_mw_cluster_feature_cf_mw_per_cluster_5000_method_agg_,063265cab3e7da11e465c3f48295007222569c219737b76376e7bb2a2fc8c441
SPPS_UtilityPV_Class1_Moderate__technology_utilitypv_group_anyQual_min_capacity_75000_filter_feature_lcoe_max_35_bin_feature_lcoe_weights_mw_q_5_cluster_feature_longitude_mw_per_cluster_10000_method_agg_,ffb6533d98c7e2242bf221c227ce2baa14692610e3b50523fb5d0a5c203b6587
SPPS_OffShoreWind_Class3_Moderate__technology_offshorewind_turbine_type_fixed_pref_site_1_filter_feature_lcoe_max_150_feature_d_shore_m_min_15_bin_feature_interconnect_capex_mw_q_3_weights_mw_,2960c58bda020328db00d74e2d753d620e00664e50521a1781be5d55f9a487d6
SPPS_OffShoreWind_Class12_Moderate__technology_offshorewind_turbine_type_floating_pref_site_1_filter_feature_lcoe_max_150_weights_mw_feature_d_shore_m_min_15_bin_feature_interconnect_capex_mw_q_3_weights_mw_,ddd9cdcbbc5287f2599f6cfaded16eb4f0ee0db037b34828bec8c1f34db542eb
SPPS_OffShoreWind_Class3_Moderate__technology_offshorewind_turbine_type_fixed_pref_site_0_filter_feature_lcoe_max_150_feature_d_shore_m_min_15_bin_feature_interconnect_capex_mw_q_3_weights_mw_,b29569eb739ab4fee2d09ffcb99e321cbec9887f3fb5d685019ac74d117b2e91
SPPS_OffShoreWind_Class12_Moderate__technology_offshorewind_turbine_type_floating_pref_site_0_filter_feature_lcoe_max_150_feature_d_shore_m_min_15_bin_feature_interconnect_capex_mw_q_3_weights_mw_,2fa1d2e4326dcb8a811ba08f83499465e8b02c8076f65905490bbb88c873d63f
SRCA_LandbasedWind_Class3_Moderate__technology_landbasedwind_group_anyQual_min_capacity_20000_bin_feature_lcoe_q_5_weights_mw_cluster_feature_cf_n_clusters_3_method_agg_,fc645a158f2a1b2d528dab14e2ad8f592fcc1ba5da4fee938069abf93d547da9
SRCA_UtilityPV_Class1_Moderate__technology_utilitypv_group_anyQual_min_capacity_150000_bin_feature_lcoe_weights_mw_q_5_cluster_feature_cf_mw_per_cluster_10000_method_agg_,01ed3ae6934bedc2e6decdcfb7d5622ac1c03f4a5f7a42ed350ece93c4fe12a1
SRCA_OffShoreWind_Class3_Moderate__technology_offshorewind_turbine_type_fixed_pref_site_1_filter_feature_lcoe_max_150_feature_d_shore_m_min_15_bin_feature_interconnect_capex_mw_q_3_weights_mw_,94f2b79039f17db5ecf2deba779ee632075dde77ce4fd07fc0c3bf109e5c9c97
SRCA_OffShoreWind_Class12_Moderate__technology_offshorewind_turbine_type_floating_pref_site_1_filter_feature_lcoe_max_150_weights_mw_feature_d_shore_m_min_15_bin_feature_interconnect_capex_mw_q_3_weights_mw_,492572e85572e2cdaad180a90ec0283ce19956df4de3f67f5132b3e198717c7f
SRCA_OffShoreWind_Class3_Moderate__technology_offshorewind_turbine_type_fixed_pref_site_0_filter_feature_lcoe_max_150_feature_d_shore_m_min_15_bin_feature_interconnect_capex_mw_q_3_weights_mw_,520262d6eaf77813f2e0c988c2c858087939ca8718f9cf44a8f91abaa0af4547
SRCA_OffShoreWind_Class12_Moderate__technology_offshorewind_turbine_type_floating_pref_site_0_filter_feature_lcoe_max_150_feature_d_shore_m_min_15_bin_feature_interconnect_capex_mw_q_3_weights_mw_,1b6aa236b85fa157c768df3e914488e9c046fbaa1fe5e375a8ce412f28b7548f
SRCE_UtilityPV_Class1_Moderate__technology_utilitypv_group_anyQual_min_capacity_150000_bin_feature_lcoe_weights_mw_q_5_cluster_feature_cf_mw_per_cluster_10000_method_agg_,f2a7a3beb5a8ca0725dec4cb04106817afb53123084cad10ac5bcca5cefb4383
SRCE_LandbasedWind_Class3_Moderate__technology_landbasedwind_group_anyQual_filter_feature_lcoe_max_80_bin_feature_lcoe_q_6_weights_mw_cluster_feature_cf_mw_per_cluster_5000_method_agg_,97ab39a2842bfd13916fe5f989e5fcc90ef09102980c04c7d2347ab9b07884ba
SRCE_OffShoreWind_Class3_Moderate__technology_offshorewind_turbine_type_fixed_pref_site_1_filter_feature_lcoe_max_150_feature_d_shore_m_min_15_bin_feature_interconnect_capex_mw_q_3_weights_mw_,b7a3cd1afc757d63b033254c5fe5f461df262d2b362d2a4ae8d87032359a001b
SRCE_OffShoreWind_Class12_Moderate__technology_offshorewind_turbine_type_floating_pref_site_1_filter_feature_lcoe_max_150_weights_mw_feature_d_shore_m_min_15_bin_feature_interconnect_capex_mw_q_3_weights_mw_,720a1ab8d617710ec64868d99836b18851ba0b192b89cd3f160dc4d2cbc0cef6
SRCE_OffShoreWind_Class3_Moderate__technology_offshorewind_turbine_type_fixed_pref_site_0_filter_feature_lcoe_max_150_feature_d_shore_m_min_15_bin_feature_interconnect_capex_mw_q_3_weights_mw_,2464ce3e3d038f7215eede9f6aaac103c2ced399ee8fdd1d429b98c42e3481e7
SRCE_OffShoreWind_Class12_Moderate__technology_offshorewind_turbine_type_floating_pref_site_0_filter_feature_lcoe_max_150_feature_d_shore_m_min_15_bin_feature_interconnect_capex_mw_q_3_weights_mw_,ccd1e103b5a4cc35032d0042dd29c2a6838fc435cada1eabd3695ef5bfd9583d
SRSE_UtilityPV_Class1_Moderate__technology_utilitypv_group_anyQual_min_capacity_150000_bin_feature_lcoe_weights_mw_q_5_cluster_feature_longitude_mw_per_cluster_10000_method_agg_,6239cd97f07ad422e93fc7fed60219b3b608497c34cd9e10647ae509f23ca925
SRSE_LandbasedWind_Class3_Moderate__technology_landbasedwind_group_anyQual_filter_feature_lcoe_max_80_bin_feature_lcoe_q_6_weights_mw_cluster_feature_cf_mw_per_cluster_5000_method_agg_,8ab6e2ceb5c9eedc2ae8cbe46afe7f1d45b79e0d7c76534edae52926b78d090c
SRSE_OffShoreWind_Class3_Moderate__technology_offshorewind_turbine_type_fixed_pref_site_1_filter_feature_lcoe_max_150_feature_d_shore_m_min_15_bin_feature_interconnect_capex_mw_q_3_weights_mw_,4f6134cdb2e91c1d0d8720b617940425029ccf8c123c264185fb6a213f5ce45a
SRSE_OffShoreWind_Class12_Moderate__technology_offshorewind_turbine_type_floating_pref_site_1_filter_feature_lcoe_max_150_weights_mw_feature_d_shore_m_min_15_bin_feature_interconnect_capex_mw_q_3_weights_mw_,6cd6c6c47b85888717aa34a6aa43cbf5a375971c58206817732bc5dec51f8b30
SRSE_OffShoreWind_Class3_Moderate__technology_offshorewind_turbine_type_fixed_pref_site_0_filter_feature_lcoe_max_150_feature_d_shore_m_min_15_bin_feature_interconnect_capex_mw_q_3_weights_mw_,06d4d0d0da43a3313e587d3bf5dc65217095baf975f41d7819d74f77d863d9fd
SRSE_OffShoreWind_Class12_Moderate__technology_offshorewind_turbine_type_floating_pref_site_0_filter_feature_lcoe_max_150_feature_d_shore_m_min_15_bin_feature_interconnect_capex_mw_q_3_weights_mw_,1d3a4d15c72f7dad34e61213d70e1e0a1164c892acccba6201fc02a58fca9306
SRSG_LandbasedWind_Class3_Moderate__technology_landbasedwind_group_anyQual_min_capacity_100000_bin_feature_lcoe_q_6_weights_mw_cluster_feature_cf_mw_per_cluster_5000_method_agg_,a2a3f29453bd16cdf58bcb4182b721673e584c12978adecdee0e5d9d5d58309f
SRSG_UtilityPV_Class1_Moderate__technology_utilitypv_group_anyQual_min_capacity_150000_filter_feature_lcoe_max_35_bin_feature_lcoe_weights_mw_q_5_cluster_feature_longitude_mw_per_cluster_10000_method_agg_,9aca9e3067ddc6b716e98c61d536251fbad9fd437ad2edc941d7833092182d01
SRSG_OffShoreWind_Class3_Moderate__technology_offshorewind_turbine_type_fixed_pref_site_1_filter_feature_lcoe_max_150_feature_d_shore_m_min_15_bin_feature_interconnect_capex_mw_q_3_weights_mw_,07bc0126442a74ddbf7ca5ac239888827a745e1e97f35474c3be3d7ce81189ce
SRSG_OffShoreWind_Class12_Moderate__technology_offshorewind_turbine_type_floating_pref_site_1_filter_feature_lcoe_max_150_weights_mw_feature_d_shore_m_min_15_bin_feature_interconnect_capex_mw_q_3_weights_mw_,68cf672e2bc2346ab3d56485381ce1fab3d3c93cb22bae6cbadfda3018464222
SRSG_OffShoreWind_Class3_Moderate__technology_offshorewind_turbine_type_fixed_pref_site_0_filter_feature_lcoe_max_150_feature_d_shore_m_min_15_bin_feature_interconnect_capex_mw_q_3_weights_mw_,6c5b0d4aaa9e68b68ab0e49248c71f4c556004a38b235a12757ffa9d1e5e76b7
SRSG_OffShoreWind_Class12_Moderate__technology_offshorewind_turbine_type_floating_pref_site_0_filter_feature_lcoe_max_150_feature_d_shore_m_min_15_bin_feature_interconnect_capex_mw_q_3_weights_mw_,1b7a81ca6836f0a866a30352e4ff938f3a0f30bf39f38bf4291d021cefb58722
TRE_LandbasedWind_Class3_Moderate__technology_landbasedwind_group_anyQual_min_capacity_200000_bin_feature_lcoe_q_6_weights_mw_cluster_feature_cf_mw_per_cluster_5000_method_agg_,28cdc3b7e135a2f3797ba14315b7cd4dd0de849b7e59c984c2edd6ba7f1230b3
TRE_UtilityPV_Class1_Moderate__technology_utilitypv_group_anyQual_min_capacity_100000_filter_feature_lcoe_max_40_bin_feature_lcoe_weights_mw_q_5_cluster_feature_cf_mw_per_cluster_10000_method_agg_,d02d0237c8650fbc5053c0319cd7babdfd5cb8867b00976656c1b5d53244fb30
TRE_OffShoreWind_Class3_Moderate__technology_offshorewind_turbine_type_fixed_pref_site_1_filter_feature_lcoe_max_150_feature_d_shore_m_min_15_bin_feature_interconnect_capex_mw_q_3_weights_mw_,ce1409298db77d2bdc28f85da95d82e12809d46be42cea838b2c4e881d7a97a3
TRE_OffShoreWind_Class12_Moderate__technology_offshorewind_turbine_type_floating_pref_site_1_filter_feature_lcoe_max_150_weights_mw_feature_d_shore_m_min_15_bin_feature_interconnect_capex_mw_q_3_weights_mw_,ca654051a4e081cf7fa05cd67dda669c825ad60cc15fac124dbfc750ff2dae54
TRE_OffShoreWind_Class3_Moderate__technology_offshorewind_turbine_type_fixed_pref_site_0_filter_feature_lcoe_max_150_feature_d_shore_m_min_15_bin_feature_interconnect_capex_mw_q_3_weights_mw_,46c2747ed89ff09a648edf79af51c930620a8888ae4528cbd956a04bbfaf686d
TRE_OffShoreWind_Class12_Moderate__technology_offshorewind_turbine_type_floating_pref_site_0_filter_feature_lcoe_max_150_feature_d_shore_m_min_15_bin_feature_interconnect_capex_mw_q_3_weights_mw_,7ad14c82015301914b735b7c75f76f8be2a8479c4698a3d502ef89d1030d888f
TREW_LandbasedWind_Class3_Moderate__technology_landbasedwind_group_anyQual_min_capacity_100000_filter_feature_lcoe_max_40_bin_feature_lcoe_q_6_weights_mw_cluster_feature_cf_mw_per_cluster_5000_method_agg_,066fd1c274160bf7a98a12196f7461a0e8a5905aa764b2f1cf26a795d064b7b2
TREW_UtilityPV_Class1_Moderate__technology_utilitypv_group_anyQual_min_capacity_50000_bin_feature_lcoe_weights_mw_q_5_cluster_feature_cf_mw_per_cluster_10000_method_agg_,fb474111adc23a2927eceb37cb12e8d2503c1df30ac5339c606440577cde57fe
TREW_OffShoreWind_Class3_Moderate__technology_offshorewind_turbine_type_fixed_pref_site_1_filter_feature_lcoe_max_150_feature_d_shore_m_min_15_bin_feature_interconnect_capex_mw_q_3_weights_mw_,8436c394427ab9fb6bc817ed1fcf2433994b93f6f248930b9b95065b36b6cf95
TREW_OffShoreWind_Class12_Moderate__technology_offshorewind_turbine_type_floating_pref_site_1_filter_feature_lcoe_max_150_weights_mw_feature_d_shore_m_min_15_bin_feature_interconnect_capex_mw_q_3_weights_mw_,e7d1366b780a170b11b7acb518c65270fdaf3e997deaead3e54d17f391c1b265
TREW_OffShoreWind_Class3_Moderate__technology_offshorewind_turbine_type_fixed_pref_site_0_filter_feature_lcoe_max_150_feature_d_shore_m_min_15_bin_feature_interconnect_capex_mw_q_3_weights_mw_,9a1b07676d9d5263e19e1a78702ce9a13c7911b17a94069e9537e6403342b75d
TREW_OffShoreWind_Class12_Moderate__technology_offshorewind_turbine_type_floating_pref_site_0_filter_feature_lcoe_max_150_feature_d_shore_m_min_15_bin_feature_interconnect_capex_mw_q_3_weights_mw_,869cdca70da5b159c0afb476e06c02a57813c6848476ff0bd660e56c1fe98cff
MISS_UtilityPV_Class1_Moderate__technology_utilitypv_group_anyQual_min_capacity_40000_filter_feature_lcoe_max_35_bin_feature_lcoe_weights_mw_q_5_cluster_feature_cf_mw_per_cluster_10000_method_agg_,c1c6794e2eb237fb944f3e331d5f6e99e5a083123c21512a5eb65d282dbe0c15
MISW_UtilityPV_Class1_Moderate__technology_utilitypv_group_anyQual_min_capacity_190000_filter_feature_lcoe_max_35_bin_feature_lcoe_weights_mw_q_5_cluster_feature_longitude_mw_per_cluster_10000_method_agg_,e801c598929444823ccdbe5cb3b7a04fbe33141e22c08a67a4bee10e3108b6b9
NYUP_LandbasedWind_Class3_Moderate__technology_landbasedwind_group_anyQual_min_capacity_20000_bin_feature_lcoe_q_6_weights_mw_cluster_feature_cf_mw_per_cluster_5000_method_agg_,a0bab372752839b5bd79952d2505d1946112d0c3c08f2fddc02a14392ffc05f4
PJMD_LandbasedWind_Class3_Moderate__technology_landbasedwind_group_anyQual_min_capacity_8000_bin_feature_lcoe_q_6_weights_mw_cluster_feature_cf_mw_per_cluster_5000_method_agg_,8c80b258b3efddc4f07a2fe64e6110c3780a33e9048af04d1fbbcc002d4a1e43
PJME_UtilityPV_Class1_Moderate__technology_utilitypv_group_anyQual_min_capacity_85000_filter_feature_lcoe_max_40_bin_feature_lcoe_weights_mw_q_5_cluster_feature_cf_mw_per_cluster_10000_method_agg_,dd183369cd233e03abb882a701f9e236aa78705c470aac5d68a9887d595f4391
SRCA_LandbasedWind_Class3_Moderate__technology_landbasedwind_group_anyQual_min_capacity_11000_bin_feature_lcoe_q_5_weights_mw_cluster_feature_cf_n_clusters_3_method_agg_,cd1a6f8c89194efb17fa2359dd503fd8572b31ca9d63d261524f64e081789331
BASN_LandbasedWind_Class3_Moderate__technology_landbasedwind_group_anyQual_min_capacity_100000_filter_feature_lcoe_max_75_bin_feature_lcoe_q_6_weights_mw_cluster_feature_cf_mw_per_cluster_5000_method_agg__UTC-5,0a42f7609b5bba7ea20fe1ec0834a6d5c7681114cd9946c916bd5b5b1e26279e
BASN_UtilityPV_Class1_Moderate__technology_utilitypv_group_anyQual_min_capacity_100000_filter_feature_lcoe_max_35_bin_feature_lcoe_weights_mw_q_5_cluster_feature_longitude_mw_per_cluster_10000_method_agg__UTC-5,e00015de60a8214bd9de2116ff285a4bb13f2622c4854fd999925c0753d28eba
BASN_OffShoreWind_Class3_Moderate__technology_offshorewind_turbine_type_fixed_pref_site_1_filter_feature_lcoe_max_150_feature_d_shore_m_min_15_bin_feature_interconnect_capex_mw_q_3_weights_mw__UTC-5,b293d28b062f7dc52fdf24a2e5aaf78706a303ed04d709dbbde501e3b8207088
BASN_OffShoreWind_Class12_Moderate__technology_offshorewind_turbine_type_floating_pref_site_1_filter_feature_lcoe_max_150_weights_mw_feature_d_shore_m_min_15_bin_feature_interconnect_capex_mw_q_3_weights_mw__UTC-5,64a5ec63f8ee3da45fe3ada1072984394d537cd882b65dac5a186d48b5f7a6c4
BASN_OffShoreWind_Class3_Moderate__technology_offshorewind_turbine_type_fixed_pref_site_0_filter_feature_lcoe_max_150_feature_d_shore_m_min_15_bin_feature_interconnect_capex_mw_q_3_weights_mw__UTC-5,0cb8860cd664c23752376f779acfbf3c98f05eeab51934891c4f362513398f91
BASN_OffShoreWind_Class12_Moderate__technology_offshorewind_turbine_type_floating_pref_site_0_filter_feature_lcoe_max_150_feature_d_shore_m_min_15_bin_feature_interconnect_capex_mw_q_3_weights_mw__UTC-5,25ce868a3e701e29a241a04f9c4c1785d7b74141fc30723152e5ae16fd4a122f
CANO_LandbasedWind_Class3_Moderate__technology_landbasedwind_group_anyQual_filter_feature_lcoe_max_90_bin_feature_lcoe_q_6_weights_mw_cluster_feature_cf_mw_per_cluster_5000_method_agg__UTC-5,0830e91b1fa8c2cae29b2453941df5240208e2295b8623e2cf5a7cdf21f1ea92
CANO_UtilityPV_Class1_Moderate__technology_utilitypv_group_anyQual_min_capacity_200000_bin_feature_lcoe_weights_mw_q_5_cluster_feature_longitude_mw_per_cluster_10000_method_agg__UTC-5,82c4e8aa7d0ee7970bb815153101f77ab136f7b28e3f30a56f186d1cecb2453f
CANO_OffShoreWind_Class3_Moderate__technology_offshorewind_turbine_type_fixed_pref_site_1_filter_feature_lcoe_max_150_feature_d_shore_m_min_15_bin_feature_interconnect_capex_mw_q_3_weights_mw__UTC-5,6a619e7c4b28bf65badcbb4d7e0378aa85add8f12dfc615e6c53b4aaa7b01f72
CANO_OffShoreWind_Class12_Moderate__technology_offshorewind_turbine_type_floating_pref_site_1_filter_feature_lcoe_max_150_weights_mw_feature_d_shore_m_min_15_bin_feature_interconnect_capex_mw_q_3_weights_mw__UTC-5,7880b3adc43c89695e421c8430c1e99b13d3111e92db4e35c6b7b5c18e393a99
CANO_OffShoreWind_Class3_Moderate__technology_offshorewind_turbine_type_fixed_pref_site_0_filter_feature_lcoe_max_150_feature_d_shore_m_min_15_bin_feature_interconnect_capex_mw_q_3_weights_mw__UTC-5,a55be5ba16756bed35b8f4cf22db048f0a6e71d5234dd14abcfa497da17f9ff4
CANO_OffShoreWind_Class12_Moderate__technology_offshorewind_turbine_type_floating_pref_site_0_filter_feature_lcoe_max_150_feature_d_shore_m_min_15_bin_feature_interconnect_capex_mw_q_3_weights_mw__UTC-5,a5d686fee389d6c4ff3412dfda9c0041edaeded567bc984569db18b7e97251d3
CASO_LandbasedWind_Class3_Moderate__technology_landbasedwind_group_anyQual_filter_feature_lcoe_max_90_bin_feature_lcoe_q_6_weights_mw_cluster_feature_cf_mw_per_cluster_5000_method_agg__UTC-5,99e9673df5a577306f3f97cf12a27a9de3a1ac182eb24d31744aedac9f56511b
CASO_UtilityPV_Class1_Moderate__technology_utilitypv_group_anyQual_min_capacity_100000_filter_feature_lcoe_max_40_bin_feature_lcoe_weights_mw_q_5_cluster_feature_cf_mw_per_cluster_10000_method_agg__UTC-5,bbc75fa7fc2032b7dd5ac3b91f88db985e124bd1549d9c8a1a2c0d793bd37413
CASO_OffShoreWind_Class3_Moderate__technology_offshorewind_turbine_type_fixed_pref_site_1_filter_feature_lcoe_max_150_feature_d_shore_m_min_15_bin_feature_interconnect_capex_mw_q_3_weights_mw__UTC-5,2cdfae47bdff1efb798b0415496c27851e521bf1e61d62470f2d268fd50940fe
CASO_OffShoreWind_Class12_Moderate__technology_offshorewind_turbine_type_floating_pref_site_1_filter_feature_lcoe_max_150_weights_mw_feature_d_shore_m_min_15_bin_feature_interconnect_capex_mw_q_3_weights_mw__UTC-5,8627bcb360114367308a18fa4fb1d04715daaaaf9431a1045aeca529745adbb0
CASO_OffShoreWind_Class3_Moderate__technology_offshorewind_turbine_type_fixed_pref_site_0_filter_feature_lcoe_max_150_feature_d_shore_m_min_15_bin_feature_interconnect_capex_mw_q_3_weights_mw__UTC-5,73b8e791a2e28f31488d32f44d464cb56dfc65f0e480cd69fa2bccee2d6497ab
CASO_OffShoreWind_Class12_Moderate__technology_offshorewind_turbine_type_floating_pref_site_0_filter_feature_lcoe_max_150_feature_d_shore_m_min_15_bin_feature_interconnect_capex_mw_q_3_weights_mw__UTC-5,cc0efb58f78abcf4bf640290823ba51d5dbe70e6eeb6de0a49b03e9b0121de2a
FRCC_LandbasedWind_Class3_Moderate__technology_landbasedwind_group_anyQual_bin_feature_lcoe_q_4_weights_mw_cluster_feature_cf_n_clusters_3_method_agg__UTC-5,13a869142c4c92a88daaa6293fe602a7d47890a9fa3e3770bcd8d90975e92615
FRCC_UtilityPV_Class1_Moderate__technology_utilitypv_group_anyQual_min_capacity_200000_filter_feature_lcoe_max_40_bin_feature_lcoe_weights_mw_q_5_cluster_feature_cf_mw_per_cluster_10000_method_agg__UTC-5,cd45e15163f9ccb3d51e75226ed384bb3b9486197f873c729512ac5aa6b2a310
FRCC_OffShoreWind_Class3_Moderate__technology_offshorewind_turbine_type_fixed_pref_site_1_filter_feature_lcoe_max_150_feature_d_shore_m_min_15_bin_feature_interconnect_capex_mw_q_3_weights_mw__UTC-5,d5305efe135c645db7228768e98b0c6a0211a52a1dea0094bc8fb5a4c2f0c7cc
FRCC_OffShoreWind_Class12_Moderate__technology_offshorewind_turbine_type_floating_pref_site_1_filter_feature_lcoe_max_150_weights_mw_feature_d_shore_m_min_15_bin_feature_interconnect_capex_mw_q_3_weights_mw__UTC-5,e29a079d93e0b7899069486b87dd14b149925c5631c2f8f0d4b9ab5418f10488
FRCC_OffShoreWind_Class3_Moderate__technology_offshorewind_turbine_type_fixed_pref_site_0_filter_feature_lcoe_max_150_feature_d_shore_m_min_15_bin_feature_interconnect_capex_mw_q_3_weights_mw__UTC-5,a1e9d62b6e4b5c33829671e116b24ad025f2559e0e83b25e9cc95b51590e961d
FRCC_OffShoreWind_Class12_Moderate__technology_offshorewind_turbine_type_floating_pref_site_0_filter_feature_lcoe_max_150_feature_d_shore_m_min_15_bin_feature_interconnect_capex_mw_q_3_weights_mw__UTC-5,6c5858e466de9d4788865bd5334f47e30d4558bd620b122b6e7d337817215cb3
ISNE_UtilityPV_Class1_Moderate__technology_utilitypv_group_anyQual_min_capacity_200000_bin_feature_lcoe_weights_mw_q_5_cluster_feature_cf_mw_per_cluster_10000_method_agg__UTC-5,ec4a62e508fb3f401776ab0864b11ec124bed4e7b3f7d8cebb261756bcff3669
ISNE_LandbasedWind_Class3_Moderate__technology_landbasedwind_group_anyQual_filter_feature_lcoe_max_80_bin_feature_lcoe_q_6_weights_mw_cluster_feature_cf_mw_per_cluster_5000_method_agg__UTC-5,ed5c3fcdd6cf846ea9969f7be315a4883071e67c984ab40a4447db3ccfab0c7e
ISNE_OffShoreWind_Class3_Moderate__technology_offshorewind_turbine_type_fixed_pref_site_1_filter_feature_lcoe_max_150_feature_d_shore_m_min_15_bin_feature_interconnect_capex_mw_q_3_weights_mw__UTC-5,7fd0ef89ad082915e5808840cd41f4e565c7a7c1a4b6204f0721be5a4c2c5ace
ISNE_OffShoreWind_Class12_Moderate__technology_offshorewind_turbine_type_floating_pref_site_1_filter_feature_lcoe_max_150_weights_mw_feature_d_shore_m_min_15_bin_feature_interconnect_capex_mw_q_3_weights_mw__UTC-5,3c5f7a0c2aedeb9e6762583ad4f8d3fabf9c66e2e731863f803fca6cd8662204
ISNE_OffShoreWind_Class3_Moderate__technology_offshorewind_turbine_type_fixed_pref_site_0_filter_feature_lcoe_max_150_feature_d_shore_m_min_15_bin_feature_interconnect_capex_mw_q_3_weights_mw__UTC-5,cb63ba1924d9e51000a7616eeff0128c50c8cc71e2695b86c7259e85e1300645
ISNE_OffShoreWind_Class12_Moderate__technology_offshorewind_turbine_type_floating_pref_site_0_filter_feature_lcoe_max_150_feature_d_shore_m_min_15_bin_feature_interconnect_capex_mw_q_3_weights_mw__UTC-5,1f99f571580c6a245da7446071ee3294d13fa7c5003cbfbddfc2a24d0f520070
MISC_UtilityPV_Class1_Moderate__technology_utilitypv_group_anyQual_min_capacity_150000_filter_feature_lcoe_max_35_bin_feature_lcoe_weights_mw_q_5_cluster_feature_cf_mw_per_cluster_10000_method_agg__UTC-5,bed56e8df0925c63712e846f026c10dc630d55230112210476402a8fe20ed40b
MISC_LandbasedWind_Class3_Moderate__technology_landbasedwind_group_anyQual_filter_feature_lcoe_max_80_bin_feature_lcoe_q_6_weights_mw_cluster_feature_cf_mw_per_cluster_5000_method_agg__UTC-5,5d9e858c333c687acf221a630620a0c189f30b30fe0bc55391e692a4bf06c765
MISC_OffShoreWind_Class3_Moderate__technology_offshorewind_turbine_type_fixed_pref_site_1_filter_feature_lcoe_max_150_feature_d_shore_m_min_15_bin_feature_interconnect_capex_mw_q_3_weights_mw__UTC-5,7b8050b4191b7582913ba60e405a432741c2a56081d7791c74e207830bbf2c13
MISC_OffShoreWind_Class12_Moderate__technology_offshorewind_turbine_type_floating_pref_site_1_filter_feature_lcoe_max_150_weights_mw_feature_d_shore_m_min_15_bin_feature_interconnect_capex_mw_q_3_weights_mw__UTC-5,173c37a09073ae74d983ec0a505cd265141009a6d699dbaa3a6480042e2f9768
MISC_OffShoreWind_Class3_Moderate__technology_offshorewind_turbine_type_fixed_pref_site_0_filter_feature_lcoe_max_150_feature_d_shore_m_min_15_bin_feature_interconnect_capex_mw_q_3_weights_mw__UTC-5,0b7fa51023b732b53e37d5f3eb3d7ab674440d182fcd1867be90beded5b619ad
MISC_OffShoreWind_Class12_Moderate__technology_offshorewind_turbine_type_floating_pref_site_0_filter_feature_lcoe_max_150_feature_d_shore_m_min_15_bin_feature_interconnect_capex_mw_q_3_weights_mw__UTC-5,1c3e0bb2999f2e40572303d8ff6eef33bc3c30f28d7d4f677209f1acc82b3c11
MISE_LandbasedWind_Class3_Moderate__technology_landbasedwind_group_anyQual_bin_feature_lcoe_q_4_weights_mw_cluster_feature_cf_n_clusters_3_method_agg__UTC-5,9a2f7a5d4837e1cd4577f30e07617c325ea1336c60697b767e66dcb7d36f83f6
MISE_UtilityPV_Class1_Moderate__technology_utilitypv_group_anyQual_min_capacity_100000_filter_feature_lcoe_max_40_bin_feature_lcoe_weights_mw_q_5_cluster_feature_cf_mw_per_cluster_10000_method_agg__UTC-5,f6f07f52d7fcf6e71dd1093355aa5dcf785842d2e8c45773caae0df4d41686df
MISE_OffShoreWind_Class3_Moderate__technology_offshorewind_turbine_type_fixed_pref_site_1_filter_feature_lcoe_max_150_feature_d_shore_m_min_15_bin_feature_interconnect_capex_mw_q_3_weights_mw__UTC-5,99e6766b0884d5fab16eb92cfee8ccf9b49cb7c32dd13e1094d546a71edf4b35
MISE_OffShoreWind_Class12_Moderate__technology_offshorewind_turbine_type_floating_pref_site_1_filter_feature_lcoe_max_150_weights_mw_feature_d_shore_m_min_15_bin_feature_interconnect_capex_mw_q_3_weights_mw__UTC-5,03fbd56cbdfffd0f53d7f0cdb1e0462fed5df346ed3833ed3680e295d24c35ff
MISE_OffShoreWind_Class3_Moderate__technology_offshorewind_turbine_type_fixed_pref_site_0_filter_feature_lcoe_max_150_feature_d_shore_m_min_15_bin_feature_interconnect_capex_mw_q_3_weights_mw__UTC-5,e5c5ce8883ade4145d6673b03e3291c779228acaded2be6e50f645360b2189e7
MISE_OffShoreWind_Class12_Moderate__technology_offshorewind_turbine_type_floating_pref_site_0_filter_feature_lcoe_max_150_feature_d_shore_m_min_15_bin_feature_interconnect_capex_mw_q_3_weights_mw__UTC-5,28ff66d45c119d424d2dde2e4efd1c3ee11e09b0a3b722c046684fb970d4e377
MISS_UtilityPV_Class1_Moderate__technology_utilitypv_group_anyQual_min_capacity_40000_filter_feature_lcoe_max_35_bin_feature_lcoe_weights_mw_q_5_cluster_feature_cf_mw_per_cluster_10000_method_agg__UTC-5,24f1ee73e1a97cd1069edfa3841a88c4f7c642b49e08bc6ed18e0d2b5ba5e50e
MISS_LandbasedWind_Class3_Moderate__technology_landbasedwind_group_anyQual_filter_feature_lcoe_max_80_bin_feature_lcoe_q_6_weights_mw_cluster_feature_cf_mw_per_cluster_5000_method_agg__UTC-5,e98f9b0030b940dad74cc255aab24a45dae081b7c9053614fb0be03ad5d83b31
MISS_OffShoreWind_Class3_Moderate__technology_offshorewind_turbine_type_fixed_pref_site_1_filter_feature_lcoe_max_150_feature_d_shore_m_min_15_bin_feature_interconnect_capex_mw_q_3_weights_mw__UTC-5,83e55f65fb14100c9bc78da8eeafa351d0310d759a0a2fd25896afb6725fc6a5
MISS_OffShoreWind_Class12_Moderate__technology_offshorewind_turbine_type_floating_pref_site_1_filter_feature_lcoe_max_150_weights_mw_feature_d_shore_m_min_15_bin_feature_interconnect_capex_mw_q_3_weights_mw__UTC-5,d20b2c581c19ce93e23618a810870f410bc1c189135ed46fe8215fc8de7593a4
MISS_OffShoreWind_Class3_Moderate__technology_offshorewind_turbine_type_fixed_pref_site_0_filter_feature_lcoe_max_150_feature_d_shore_m_min_15_bin_feature_interconnect_capex_mw_q_3_weights_mw__UTC-5,872b80354f87769bedaefa03969861f36cc047f8bd6607865193b9037019c653
MISS_OffShoreWind_Class12_Moderate__technology_offshorewind_turbine_type_floating_pref_site_0_filter_feature_lcoe_max_150_feature_d_shore_m_min_15_bin_feature_interconnect_capex_mw_q_3_weights_mw__UTC-5,eb384fb9bb641c7eb812efe96d61e5127375d965f51a9dc32ecb81136bc319ab
MISW_LandbasedWind_Class3_Moderate__technology_landbasedwind_group_anyQual_min_capacity_200000_filter_feature_lcoe_max_45_bin_feature_lcoe_q_6_weights_mw_cluster_feature_cf_mw_per_cluster_5000_method_agg__UTC-5,fa93195abafe71b3572f11e2f219ccba5a268d9fe548c17dc7fdac0234e83568
MISW_UtilityPV_Class1_Moderate__technology_utilitypv_group_anyQual_min_capacity_190000_filter_feature_lcoe_max_35_bin_feature_lcoe_weights_mw_q_5_cluster_feature_longitude_mw_per_cluster_10000_method_agg__UTC-5,d82639cf444e4383e2e6770fa0118a36a73d6a35f83b7d2498a788905338e369
MISW_OffShoreWind_Class3_Moderate__technology_offshorewind_turbine_type_fixed_pref_site_1_filter_feature_lcoe_max_150_feature_d_shore_m_min_15_bin_feature_interconnect_capex_mw_q_3_weights_mw__UTC-5,e3790bc87bd1b11117bf73f9db0f641849c3934383969aafe626cae016daa858
MISW_OffShoreWind_Class12_Moderate__technology_offshorewind_turbine_type_floating_pref_site_1_filter_feature_lcoe_max_150_weights_mw_feature_d_shore_m_min_15_bin_feature_interconnect_capex_mw_q_3_weights_mw__UTC-5,dcd5ef6037e52440f84768a03147163411545395324bf65c99846fc065bb6667
MISW_OffShoreWind_Class3_Moderate__technology_offshorewind_turbine_type_fixed_pref_site_0_filter_feature_lcoe_max_150_feature_d_shore_m_min_15_bin_feature_interconnect_capex_mw_q_3_weights_mw__UTC-5,6a9e55adc0ee1eeed4c56b274f8bbf9b9e063ce26f2b8ec7a38f5be277f1d2dd
MISW_OffShoreWind_Class12_Moderate__technology_offshorewind_turbine_type_floating_pref_site_0_filter_feature_lcoe_max_150_feature_d_shore_m_min_15_bin_feature_interconnect_capex_mw_q_3_weights_mw__UTC-5,0295caf05374852d43e9aba37179a7025230c303239ed661b59666be5f26be08
NWPP_LandbasedWind_Class3_Moderate__technology_landbasedwind_group_anyQual_min_capacity_100000_bin_feature_lcoe_q_6_weights_mw_cluster_feature_cf_mw_per_cluster_5000_method_agg__UTC-5,a260fdf7c5fcb35fe4f46ad1175a241a25a2a529726734f0506c22f53d5114f1
NWPP_UtilityPV_Class1_Moderate__technology_utilitypv_group_anyQual_min_capacity_200000_bin_feature_lcoe_weights_mw_q_5_cluster_feature_cf_mw_per_cluster_10000_method_agg__UTC-5,2f66ebdca2e09f9bb0b74356a5f66f24cbc50fa915bac3fbc35e819052a5d6b6
NWPP_OffShoreWind_Class3_Moderate__technology_offshorewind_turbine_type_fixed_pref_site_1_filter_feature_lcoe_max_150_feature_d_shore_m_min_15_bin_feature_interconnect_capex_mw_q_3_weights_mw__UTC-5,07973119a22fedce79e5afd53321cb99c864e4b33b956a5aa48044210b120372
NWPP_OffShoreWind_Class12_Moderate__technology_offshorewind_turbine_type_floating_pref_site_1_filter_feature_lcoe_max_150_weights_mw_feature_d_shore_m_min_15_bin_feature_interconnect_capex_mw_q_3_weights_mw__UTC-5,9b8fbf58b4c50fbf5d6b2dc7164525e94d74af054efbeb7ddac33d929e6965d8
NWPP_OffShoreWind_Class3_Moderate__technology_offshorewind_turbine_type_fixed_pref_site_0_filter_feature_lcoe_max_150_feature_d_shore_m_min_15_bin_feature_interconnect_capex_mw_q_3_weights_mw__UTC-5,bb5bce8ede721a953bd39b8789ca9beaf68635e4189140dc89760581c39109aa
NWPP_OffShoreWind_Class12_Moderate__technology_offshorewind_turbine_type_floating_pref_site_0_filter_feature_lcoe_max_150_feature_d_shore_m_min_15_bin_feature_interconnect_capex_mw_q_3_weights_mw__UTC-5,a10e1d9aeaa0c186f887768acf4979e270331678908ec049f73d064fba6fc234
NYCW_LandbasedWind_Class3_Moderate__technology_landbasedwind_group_anyQual_filter_feature_lcoe_max_80_bin_feature_lcoe_q_6_weights_mw_cluster_feature_cf_mw_per_cluster_5000_method_agg__UTC-5,b19ea2b4742582ef90e9b98ab5144afc8cf0e58bb735c7622578b656aabcc173
NYCW_UtilityPV_Class1_Moderate__technology_utilitypv_group_anyQual_min_capacity_100000_filter_feature_lcoe_max_40_bin_feature_lcoe_weights_mw_q_5_cluster_feature_cf_mw_per_cluster_10000_method_agg__UTC-5,e3604871e6e8b9620b00afc555b2e2fadc17720e70812686f6431af921412ce4
NYCW_OffShoreWind_Class3_Moderate__technology_offshorewind_turbine_type_fixed_pref_site_1_filter_feature_lcoe_max_150_feature_d_shore_m_min_15_bin_feature_interconnect_capex_mw_q_3_weights_mw__UTC-5,85c6d294a1fc51d290b403eba65457ce885698b41b10d71da25337e02d32e8f5
NYCW_OffShoreWind_Class12_Moderate__technology_offshorewind_turbine_type_floating_pref_site_1_filter_feature_lcoe_max_150_weights_mw_feature_d_shore_m_min_15_bin_feature_interconnect_capex_mw_q_3_weights_mw__UTC-5,ea3ed33b2e2e48b15246919682f81eaabfc3eeb7f1f3c035a7c1f69a18e06825
NYCW_OffShoreWind_Class3_Moderate__technology_offshorewind_turbine_type_fixed_pref_site_0_filter_feature_lcoe_max_150_feature_d_shore_m_min_15_bin_feature_interconnect_capex_mw_q_3_weights_mw__UTC-5,9df1e77378a9490e9bd3b6e998f7073471cc24c12a771d34559093061f7b9951
NYCW_OffShoreWind_Class12_Moderate__technology_offshorewind_turbine_type_floating_pref_site_0_filter_feature_lcoe_max_150_feature_d_shore_m_min_15_bin_feature_interconnect_capex_mw_q_3_weights_mw__UTC-5,82985ed6751d71aea15e598e22852f551dd2502d7f6b2e215856da565d6f4e1d
NYUP_LandbasedWind_Class3_Moderate__technology_landbasedwind_group_anyQual_min_capacity_20000_bin_feature_lcoe_q_6_weights_mw_cluster_feature_cf_mw_per_cluster_5000_method_agg__UTC-5,9c1f96383099b4780fb7fa4484ec96800b3007d56415b2a86003aecb380dc8d7
NYUP_UtilityPV_Class1_Moderate__technology_utilitypv_group_anyQual_min_capacity_100000_bin_feature_lcoe_weights_mw_q_5_cluster_feature_cf_mw_per_cluster_10000_method_agg__UTC-5,e3fc1083723832a9118abfbe1ea5186ad86ef99760d48a6c8af65490346a98f1
NYUP_OffShoreWind_Class3_Moderate__technology_offshorewind_turbine_type_fixed_pref_site_1_filter_feature_lcoe_max_150_feature_d_shore_m_min_15_bin_feature_interconnect_capex_mw_q_3_weights_mw__UTC-5,c984084f1f0c13d27c79b79046f4175a8b55929bb7f82d86af49baee56d9994c
NYUP_OffShoreWind_Class12_Moderate__technology_offshorewind_turbine_type_floating_pref_site_1_filter_feature_lcoe_max_150_weights_mw_feature_d_shore_m_min_15_bin_feature_interconnect_capex_mw_q_3_weights_mw__UTC-5,4d7230f5da8329e21ac6587f55eba005648644240c43f40cdfc58431812fccdb
NYUP_OffShoreWind_Class3_Moderate__technology_offshorewind_turbine_type_fixed_pref_site_0_filter_feature_lcoe_max_150_feature_d_shore_m_min_15_bin_feature_interconnect_capex_mw_q_3_weights_mw__UTC-5,6cf1c1afff46b29f26e166dba5dc312e022dc2ffaab17cf96fc06ce86b178268
NYUP_OffShoreWind_Class12_Moderate__technology_offshorewind_turbine_type_floating_pref_site_0_filter_feature_lcoe_max_150_feature_d_shore_m_min_15_bin_feature_interconnect_capex_mw_q_3_weights_mw__UTC-5,73ced340d772cf526a8a4d784a3c99d811f79e90069724929fa39f66972b4982
PJMC_UtilityPV_Class1_Moderate__technology_utilitypv_group_anyQual_min_capacity_50000_filter_feature_lcoe_max_35_bin_feature_lcoe_weights_mw_q_5_cluster_feature_cf_mw_per_cluster_10000_method_agg__UTC-5,1c39bed02014005b0ec51b6e6692a8fc1e94c4ae610c3b60bf1aeb74d3815ec9
PJMC_LandbasedWind_Class3_Moderate__technology_landbasedwind_group_anyQual_filter_feature_lcoe_max_80_bin_feature_lcoe_q_6_weights_mw_cluster_feature_cf_mw_per_cluster_5000_method_agg__UTC-5,01239d26ffe4226a78b05be8b11173834bcd2fe432105b226c0fa6fa0b0093d6
PJMC_OffShoreWind_Class3_Moderate__technology_offshorewind_turbine_type_fixed_pref_site_1_filter_feature_lcoe_max_150_feature_d_shore_m_min_15_bin_feature_interconnect_capex_mw_q_3_weights_mw__UTC-5,7488f418baed468fa9e84fd1f5c0aed248daf7db752813a33b78878251fad9ed
PJMC_OffShoreWind_Class12_Moderate__technology_offshorewind_turbine_type_floating_pref_site_1_filter_feature_lcoe_max_150_weights_mw_feature_d_shore_m_min_15_bin_feature_interconnect_capex_mw_q_3_weights_mw__UTC-5,9861d972059854f2bcff1b7e364c3053c58b356b6bdbd93295ae171c1c6fc558
PJMC_OffShoreWind_Class3_Moderate__technology_offshorewind_turbine_type_fixed_pref_site_0_filter_feature_lcoe_max_150_feature_d_shore_m_min_15_bin_feature_interconnect_capex_mw_q_3_weights_mw__UTC-5,53e4689d4c3024b44791fa573e5e51e723711795e6d1e0e0a0ce09e8ec76198c
PJMC_OffShoreWind_Class12_Moderate__technology_offshorewind_turbine_type_floating_pref_site_0_filter_feature_lcoe_max_150_feature_d_shore_m_min_15_bin_feature_interconnect_capex_mw_q_3_weights_mw__UTC-5,d9ed813a315c56a2c92dd6580917ed69c15c3411d8d570b0f7d2a053074c5ada
PJMD_LandbasedWind_Class3_Moderate__technology_landbasedwind_group_anyQual_min_capacity_8000_bin_feature_lcoe_q_6_weights_mw_cluster_feature_cf_mw_per_cluster_5000_method_agg__UTC-5,e114a6c1518fa11c744fdcaf599ddfcd3458a22412ded76e4a4ce179ce4afd19
PJMD_UtilityPV_Class1_Moderate__technology_utilitypv_group_anyQual_min_capacity_200000_bin_feature_lcoe_weights_mw_q_5_cluster_feature_cf_mw_per_cluster_10000_method_agg__UTC-5,2ada6fdc94ebd1320fe3accda1eb3591d6684caf207d2f55c1613bd54dacd723
PJMD_OffShoreWind_Class3_Moderate__technology_offshorewind_turbine_type_fixed_pref_site_1_filter_feature_lcoe_max_150_feature_d_shore_m_min_15_bin_feature_interconnect_capex_mw_q_3_weights_mw__UTC-5,91f45d71dd3b41b469bf2865b27eaeaa6c3de5093243efc77756dfbfa2de6cde
PJMD_OffShoreWind_Class12_Moderate__technology_offshorewind_turbine_type_floating_pref_site_1_filter_feature_lcoe_max_150_weights_mw_feature_d_shore_m_min_15_bin_feature_interconnect_capex_mw_q_3_weights_mw__UTC-5,45136e934c4949ef663b08e2328eb5fb8d44d829e89b4be6b110d61431c3228b
PJMD_OffShoreWind_Class3_Moderate__technology_offshorewind_turbine_type_fixed_pref_site_0_filter_feature_lcoe_max_150_feature_d_shore_m_min_15_bin_feature_interconnect_capex_mw_q_3_weights_mw__UTC-5,4d88fe14a942d1150770dd62ede7cbdfa55f1329b7e9df403336ba58c95d99f6
PJMD_OffShoreWind_Class12_Moderate__technology_offshorewind_turbine_type_floating_pref_site_0_filter_feature_lcoe_max_150_feature_d_shore_m_min_15_bin_feature_interconnect_capex_mw_q_3_weights_mw__UTC-5,22e7a1a6128ca4bfc559cf0d1d5db55dab906bd65c08b53a9429881c62512f74
PJME_LandbasedWind_Class3_Moderate__technology_landbasedwind_group_anyQual_bin_feature_lcoe_q_3_weights_mw_cluster_feature_cf_n_clusters_2_method_agg__UTC-5,fd0b96a406bbb133460ba7943cb3941f7c9c24ad465ed005728fe1a8d7a83d67
PJME_UtilityPV_Class1_Moderate__technology_utilitypv_group_anyQual_min_capacity_85000_filter_feature_lcoe_max_40_bin_feature_lcoe_weights_mw_q_5_cluster_feature_cf_mw_per_cluster_10000_method_agg__UTC-5,fc3e8307af7db0b30f92d3b77b1038f19bd934739ca17a7ea55d646c5b2c5631
PJME_OffShoreWind_Class3_Moderate__technology_offshorewind_turbine_type_fixed_pref_site_1_filter_feature_lcoe_max_150_feature_d_shore_m_min_15_bin_feature_interconnect_capex_mw_q_3_weights_mw__UTC-5,5a31055bc5b9dc6524885acad0baec403005791ddd56eada166e3b8b377c04a1
PJME_OffShoreWind_Class12_Moderate__technology_offshorewind_turbine_type_floating_pref_site_1_filter_feature_lcoe_max_150_weights_mw_feature_d_shore_m_min_15_bin_feature_interconnect_capex_mw_q_3_weights_mw__UTC-5,535ca958bd49359d0760c62e00e3894dcefc2e7fdef3f03ab1223a7c5afb9680
PJME_OffShoreWind_Class3_Moderate__technology_offshorewind_turbine_type_fixed_pref_site_0_filter_feature_lcoe_max_150_feature_d_shore_m_min_15_bin_feature_interconnect_capex_mw_q_3_weights_mw__UTC-5,add3a2af4660ba06f8f671545c6a178348dbaefe42228ede861adebd8c36c3fe
PJME_OffShoreWind_Class12_Moderate__technology_offshorewind_turbine_type_floating_pref_site_0_filter_feature_lcoe_max_150_feature_d_shore_m_min_15_bin_feature_interconnect_capex_mw_q_3_weights_mw__UTC-5,28a9fd8f57cb2dcb7a29cf16bb35bd2c33ff1ba556f5bcd5b41bb9c7267de682
PJMW_LandbasedWind_Class3_Moderate__technology_landbasedwind_group_anyQual_bin_feature_lcoe_q_5_weights_mw_cluster_feature_cf_mw_per_cluster_5000_method_agg__UTC-5,ff012516489b003f6f15f5a9acd8bb15f1c03a43f032abf310288150d469ad8f
PJMW_UtilityPV_Class1_Moderate__technology_utilitypv_group_anyQual_min_capacity_250000_filter_feature_lcoe_max_35_bin_feature_lcoe_weights_mw_q_5_cluster_feature_cf_mw_per_cluster_10000_method_agg__UTC-5,f81f782430b87077ad6f721397f6ade3919390ac7a10a993fa182f2f2a1b036d
PJMW_OffShoreWind_Class3_Moderate__technology_offshorewind_turbine_type_fixed_pref_site_1_filter_feature_lcoe_max_150_feature_d_shore_m_min_15_bin_feature_interconnect_capex_mw_q_3_weights_mw__UTC-5,3824d28abe472f98437247fd31157b1b9af4a090979f2c60a36690de1ae13604
PJMW_OffShoreWind_Class12_Moderate__technology_offshorewind_turbine_type_floating_pref_site_1_filter_feature_lcoe_max_150_weights_mw_feature_d_shore_m_min_15_bin_feature_interconnect_capex_mw_q_3_weights_mw__UTC-5,ad7bd4fee0aedd67ff71dbc20ca305dfd67ca01b77a59204b48419a5a5ca530e
PJMW_OffShoreWind_Class3_Moderate__technology_offshorewind_turbine_type_fixed_pref_site_0_filter_feature_lcoe_max_150_feature_d_shore_m_min_15_bin_feature_interconnect_capex_mw_q_3_weights_mw__UTC-5,9ff51d97cef43ec50e732f078e058bf56bac8473a9dfdd18a34b4df7548f8a22
PJMW_OffShoreWind_Class12_Moderate__technology_offshorewind_turbine_type_floating_pref_site_0_filter_feature_lcoe_max_150_feature_d_shore_m_min_15_bin_feature_interconnect_capex_mw_q_3_weights_mw__UTC-5,50fe0d99e2e3ebc1abc1bb3c5d35ea013b42237f2e33ba670030c6b3ca359fa7
RMRG_LandbasedWind_Class3_Moderate__technology_landbasedwind_group_anyQual_filter_feature_lcoe_max_40_bin_feature_lcoe_q_6_weights_mw_cluster_feature_cf_mw_per_cluster_5000_method_agg__UTC-5,639ae26574ce7241555f06347bbc6d1356c9698e92bbb8c82888b4544948224c
RMRG_UtilityPV_Class1_Moderate__technology_utilitypv_group_anyQual_min_capacity_400000_bin_feature_lcoe_weights_mw_q_5_cluster_feature_cf_mw_per_cluster_10000_method_agg__UTC-5,7638827aa7ae77f3e67f8c2a5d8338a2f0b6d2e1e0eb69d0c9975e8e8526eb9a
RMRG_OffShoreWind_Class3_Moderate__technology_offshorewind_turbine_type_fixed_pref_site_1_filter_feature_lcoe_max_150_feature_d_shore_m_min_15_bin_feature_interconnect_capex_mw_q_3_weights_mw__UTC-5,f1c7b6f9a427513efc61fa31f3206cf1f6d533eee4824697d1e782d0e42bd762
RMRG_OffShoreWind_Class12_Moderate__technology_offshorewind_turbine_type_floating_pref_site_1_filter_feature_lcoe_max_150_weights_mw_feature_d_shore_m_min_15_bin_feature_interconnect_capex_mw_q_3_weights_mw__UTC-5,d664c81c9ffebd3fef258de027866071d90532bbdf7ace8a66319bc8900b7b43
RMRG_OffShoreWind_Class3_Moderate__technology_offshorewind_turbine_type_fixed_pref_site_0_filter_feature_lcoe_max_150_feature_d_shore_m_min_15_bin_feature_interconnect_capex_mw_q_3_weights_mw__UTC-5,0cf45b59147ad34509ff45830ddbbcdde1a76c597b4aefa456d58328b7995d91
RMRG_OffShoreWind_Class12_Moderate__technology_offshorewind_turbine_type_floating_pref_site_0_filter_feature_lcoe_max_150_feature_d_shore_m_min_15_bin_feature_interconnect_capex_mw_q_3_weights_mw__UTC-5,abe19f1bc692914aa47dcb530de87119d99323474f46ea34da80ffd55a162cbf
SPPC_UtilityPV_Class1_Moderate__technology_utilitypv_group_anyQual_min_capacity_60000_filter_feature_lcoe_max_35_bin_feature_lcoe_weights_mw_q_5_cluster_feature_cf_mw_per_cluster_10000_method_agg__UTC-5,190526b6614c88a786bf3845a7e7d65ac03b5c7478dd61f92d847136b6a00cfc
SPPC_LandbasedWind_Class3_Moderate__technology_landbasedwind_group_anyQual_filter_feature_lcoe_max_80_bin_feature_lcoe_q_6_weights_mw_cluster_feature_cf_mw_per_cluster_5000_method_agg__UTC-5,9531be5f2b6edb2b90bdadb65ab912b0496471df5f80b1830b9456244d684cd5
SPPC_OffShoreWind_Class3_Moderate__technology_offshorewind_turbine_type_fixed_pref_site_1_filter_feature_lcoe_max_150_feature_d_shore_m_min_15_bin_feature_interconnect_capex_mw_q_3_weights_mw__UTC-5,2d8314c53a1d724d05ecfe7894a5d9652b2d3412c69e6cd813976e3aacdade56
SPPC_OffShoreWind_Class12_Moderate__technology_offshorewind_turbine_type_floating_pref_site_1_filter_feature_lcoe_max_150_weights_mw_feature_d_shore_m_min_15_bin_feature_interconnect_capex_mw_q_3_weights_mw__UTC-5,5fecf056098748fa300c38b09aa8739e54c77c93d28b5cc448d77ab42dc1f9b5
SPPC_OffShoreWind_Class3_Moderate__technology_offshorewind_turbine_type_fixed_pref_site_0_filter_feature_lcoe_max_150_feature_d_shore_m_min_15_bin_feature_interconnect_capex_mw_q_3_weights_mw__UTC-5,96cc84b7a85f4750437e78b70e96014de7780d76acbcb529a63409cc0c6654fc
SPPC_OffShoreWind_Class12_Moderate__technology_offshorewind_turbine_type_floating_pref_site_0_filter_feature_lcoe_max_150_feature_d_shore_m_min_15_bin_feature_interconnect_capex_mw_q_3_weights_mw__UTC-5,23e39f30a5bcd0ca8bbde647a764ff097b9ce2c1c6106b7bd1d8e8c222a5033e
SPPN_LandbasedWind_Class3_Moderate__technology_landbasedwind_group_anyQual_min_capacity_50000_filter_feature_lcoe_max_35_bin_feature_lcoe_q_6_weights_mw_cluster_feature_cf_mw_per_cluster_5000_method_agg__UTC-5,c67b156315c62d90c4fefb2476e0ace041de3e5d815665cfbe45746dc298da14
SPPN_UtilityPV_Class1_Moderate__technology_utilitypv_group_anyQual_min_capacity_300000_filter_feature_lcoe_max_35_bin_feature_lcoe_weights_mw_q_5_cluster_feature_cf_mw_per_cluster_10000_method_agg__UTC-5,90d15a1a379800d06cf0bab7d232379996b61490b45a92cb092cba4edb17c01b
SPPN_OffShoreWind_Class3_Moderate__technology_offshorewind_turbine_type_fixed_pref_site_1_filter_feature_lcoe_max_150_feature_d_shore_m_min_15_bin_feature_interconnect_capex_mw_q_3_weights_mw__UTC-5,bac6b5694ac7fba650f5e42523fc026b74bc456bea5e214d2338b3aa0060c83b
SPPN_OffShoreWind_Class12_Moderate__technology_offshorewind_turbine_type_floating_pref_site_1_filter_feature_lcoe_max_150_weights_mw_feature_d_shore_m_min_15_bin_feature_interconnect_capex_mw_q_3_weights_mw__UTC-5,e06403550303eb2afe278d54f6e17a4c3a9cfe2e6d0da2fe64fec153be3b0aca
SPPN_OffShoreWind_Class3_Moderate__technology_offshorewind_turbine_type_fixed_pref_site_0_filter_feature_lcoe_max_150_feature_d_shore_m_min_15_bin_feature_interconnect_capex_mw_q_3_weights_mw__UTC-5,55bb755330a467c39dab95940b04e9821f067ed6897df9efa0e589d263b58f69
SPPN_OffShoreWind_Class12_Moderate__technology_offshorewind_turbine_type_floating_pref_site_0_filter_feature_lcoe_max_150_feature_d_shore_m_min_15_bin_feature_interconnect_capex_mw_q_3_weights_mw__UTC-5,67cdc5f7d5a47e3aba29013242b275d7dfa97add4b5f505bcb4b41d490629ea2
SPPS_LandbasedWind_Class3_Moderate__technology_landbasedwind_group_anyQual_min_capacity_175000_filter_feature_lcoe_max_35_bin_feature_lcoe_q_6_weights_mw_cluster_feature_cf_mw_per_cluster_5000_method_agg__UTC-5,6c6dd67997786564f92fbaca22b8fbda21252d5344160dac5dcc6f1614b0bb35
SPPS_UtilityPV_Class1_Moderate__technology_utilitypv_group_anyQual_min_capacity_75000_filter_feature_lcoe_max_35_bin_feature_lcoe_weights_mw_q_5_cluster_feature_longitude_mw_per_cluster_10000_method_agg__UTC-5,ed3472270dcda6bcfefbcbd82e9cd116ae2526ecaf86f1dfca1c2233f7d64763
SPPS_OffShoreWind_Class3_Moderate__technology_offshorewind_turbine_type_fixed_pref_site_1_filter_feature_lcoe_max_150_feature_d_shore_m_min_15_bin_feature_interconnect_capex_mw_q_3_weights_mw__UTC-5,f68de8746b4f9a04fe956955ce88bc17f69c2f068a648c2016136c5e3d5d5149
SPPS_OffShoreWind_Class12_Moderate__technology_offshorewind_turbine_type_floating_pref_site_1_filter_feature_lcoe_max_150_weights_mw_feature_d_shore_m_min_15_bin_feature_interconnect_capex_mw_q_3_weights_mw__UTC-5,82443c66cb230b12ad1a110d1af0c6d4956cac3faed8a9e6743ee9c6e017c436
SPPS_OffShoreWind_Class3_Moderate__technology_offshorewind_turbine_type_fixed_pref_site_0_filter_feature_lcoe_max_150_feature_d_shore_m_min_15_bin_feature_interconnect_capex_mw_q_3_weights_mw__UTC-5,eef49362fb7dde099d718d724deaf507640e544c6e28c4a69f6643fb914c9231
SPPS_OffShoreWind_Class12_Moderate__technology_offshorewind_turbine_type_floating_pref_site_0_filter_feature_lcoe_max_150_feature_d_shore_m_min_15_bin_feature_interconnect_capex_mw_q_3_weights_mw__UTC-5,09ab6be593d12f09ad0d28e4271c30eb4e688209c9a7c43801a973f78f20e7e1
SRCA_LandbasedWind_Class3_Moderate__technology_landbasedwind_group_anyQual_min_capacity_11000_bin_feature_lcoe_q_5_weights_mw_cluster_feature_cf_n_clusters_3_method_agg__UTC-5,a78216dda36380c0714d4c86759b71ed6b8946f12b6ae4b296349fda08bf297a
SRCA_UtilityPV_Class1_Moderate__technology_utilitypv_group_anyQual_min_capacity_150000_bin_feature_lcoe_weights_mw_q_5_cluster_feature_cf_mw_per_cluster_10000_method_agg__UTC-5,07946b116e793cc56a603ead87d635e3bd4a4cb6493b88199d26b2b56bff1e90
SRCA_OffShoreWind_Class3_Moderate__technology_offshorewind_turbine_type_fixed_pref_site_1_filter_feature_lcoe_max_150_feature_d_shore_m_min_15_bin_feature_interconnect_capex_mw_q_3_weights_mw__UTC-5,befb1f2f7cd04d37c2bdb05af06f09e8cf31b501823db6598efddf57ab573dd1
SRCA_OffShoreWind_Class12_Moderate__technology_offshorewind_turbine_type_floating_pref_site_1_filter_feature_lcoe_max_150_weights_mw_feature_d_shore_m_min_15_bin_feature_interconnect_capex_mw_q_3_weights_mw__UTC-5,79a6cb1eace0c62f7a4a0861e46249af391385c567bac02934291ea46a3c4b62
SRCA_OffShoreWind_Class3_Moderate__technology_offshorewind_turbine_type_fixed_pref_site_0_filter_feature_lcoe_max_150_feature_d_shore_m_min_15_bin_feature_interconnect_capex_mw_q_3_weights_mw__UTC-5,171d39bc1cfed4a69c65c7d8c703a5c493dfb113c0d66a0fe04841517cc44ac1
SRCA_OffShoreWind_Class12_Moderate__technology_offshorewind_turbine_type_floating_pref_site_0_filter_feature_lcoe_max_150_feature_d_shore_m_min_15_bin_feature_interconnect_capex_mw_q_3_weights_mw__UTC-5,cbed6c1c764f08da97c4370b8c3139394d0cef57bf02f6e804779168e0f02b71
SRCE_UtilityPV_Class1_Moderate__technology_utilitypv_group_anyQual_min_capacity_150000_bin_feature_lcoe_weights_mw_q_5_cluster_feature_cf_mw_per_cluster_10000_method_agg__UTC-5,4e89762885047b4c4da6a80372f420655240d1e54c8376893a2d121f52756580
SRCE_LandbasedWind_Class3_Moderate__technology_landbasedwind_group_anyQual_filter_feature_lcoe_max_80_bin_feature_lcoe_q_6_weights_mw_cluster_feature_cf_mw_per_cluster_5000_method_agg__UTC-5,934cafcc7198374e5d8723f2b258b68c800b3fbfce6df4b5d06e14735b298ffe
SRCE_OffShoreWind_Class3_Moderate__technology_offshorewind_turbine_type_fixed_pref_site_1_filter_feature_lcoe_max_150_feature_d_shore_m_min_15_bin_feature_interconnect_capex_mw_q_3_weights_mw__UTC-5,6bd724b0f0d88491b6421b37561d022d1b179c4d0172b73f1420d10364a55a4d
SRCE_OffShoreWind_Class12_Moderate__technology_offshorewind_turbine_type_floating_pref_site_1_filter_feature_lcoe_max_150_weights_mw_feature_d_shore_m_min_15_bin_feature_interconnect_capex_mw_q_3_weights_mw__UTC-5,9b272da20f2bbedb4f632898e5249994fa6c4fd44e1cb787804f856390ea50b4
SRCE_OffShoreWind_Class3_Moderate__technology_offshorewind_turbine_type_fixed_pref_site_0_filter_feature_lcoe_max_150_feature_d_shore_m_min_15_bin_feature_interconnect_capex_mw_q_3_weights_mw__UTC-5,6bfd7ad3d9212898caf75248d52332cca51b03485af6c862a74523efbf5159c7
SRCE_OffShoreWind_Class12_Moderate__technology_offshorewind_turbine_type_floating_pref_site_0_filter_feature_lcoe_max_150_feature_d_shore_m_min_15_bin_feature_interconnect_capex_mw_q_3_weights_mw__UTC-5,ad44be26a99105bbf6c2d3d203151eb8dc9a3afa560e571bae3b4cfa71a684a5
SRSE_UtilityPV_Class1_Moderate__technology_utilitypv_group_anyQual_min_capacity_150000_bin_feature_lcoe_weights_mw_q_5_cluster_feature_longitude_mw_per_cluster_10000_method_agg__UTC-5,cd6c027b0b08da15106ba18010fe95549273d25bbc88127dce0c3ddab5a55afb
SRSE_LandbasedWind_Class3_Moderate__technology_landbasedwind_group_anyQual_filter_feature_lcoe_max_80_bin_feature_lcoe_q_6_weights_mw_cluster_feature_cf_mw_per_cluster_5000_method_agg__UTC-5,dba4a0e6c0eec34968d8fd80396a6bf04c5952a5bd96983a80ee16a68d464fbc
SRSE_OffShoreWind_Class3_Moderate__technology_offshorewind_turbine_type_fixed_pref_site_1_filter_feature_lcoe_max_150_feature_d_shore_m_min_15_bin_feature_interconnect_capex_mw_q_3_weights_mw__UTC-5,6b0a46a1a388fb62aa0180a556a0e6a8ce7f9bd8743f5710cc2d6c9b94db5116
SRSE_OffShoreWind_Class12_Moderate__technology_offshorewind_turbine_type_floating_pref_site_1_filter_feature_lcoe_max_150_weights_mw_feature_d_shore_m_min_15_bin_feature_interconnect_capex_mw_q_3_weights_mw__UTC-5,c4a343cfd6fef7d2ba0fffde5f090ac3dba51089f4bc451285e24e6862b2a0a7
SRSE_OffShoreWind_Class3_Moderate__technology_offshorewind_turbine_type_fixed_pref_site_0_filter_feature_lcoe_max_150_feature_d_shore_m_min_15_bin_feature_interconnect_capex_mw_q_3_weights_mw__UTC-5,14086b486c471fa99654cb31a0f9e0428dab7f343bbfd2bf576fdcca92aa213c
SRSE_OffShoreWind_Class12_Moderate__technology_offshorewind_turbine_type_floating_pref_site_0_filter_feature_lcoe_max_150_feature_d_shore_m_min_15_bin_feature_interconnect_capex_mw_q_3_weights_mw__UTC-5,f18ef1a5cdf3768d4b3729ad7a63090775707d0d6a44270ac611a452d435a711
SRSG_LandbasedWind_Class3_Moderate__technology_landbasedwind_group_anyQual_min_capacity_100000_bin_feature_lcoe_q_6_weights_mw_cluster_feature_cf_mw_per_cluster_5000_method_agg__UTC-5,5f6a8e33c4c0c2e1f7de63a3e0c81e3427751383e626f945e812a1d33c0f739f
SRSG_UtilityPV_Class1_Moderate__technology_utilitypv_group_anyQual_min_capacity_150000_filter_feature_lcoe_max_35_bin_feature_lcoe_weights_mw_q_5_cluster_feature_longitude_mw_per_cluster_10000_method_agg__UTC-5,969bb10b9f227d6a56ea8b133bb805262fc766d56b2520a2289a756f419c849c
SRSG_OffShoreWind_Class3_Moderate__technology_offshorewind_turbine_type_fixed_pref_site_1_filter_feature_lcoe_max_150_feature_d_shore_m_min_15_bin_feature_interconnect_capex_mw_q_3_weights_mw__UTC-5,ebbe332c2791cefb43c32c5d64868a39ab21cc458683098fec91c7595e2ac7c9
SRSG_OffShoreWind_Class12_Moderate__technology_offshorewind_turbine_type_floating_pref_site_1_filter_feature_lcoe_max_150_weights_mw_feature_d_shore_m_min_15_bin_feature_interconnect_capex_mw_q_3_weights_mw__UTC-5,649967c2433cb14f1b6cc579262273fd533e7ecef9a2dfa421ba23e5748bbf45
SRSG_OffShoreWind_Class3_Moderate__technology_offshorewind_turbine_type_fixed_pref_site_0_filter_feature_lcoe_max_150_feature_d_shore_m_min_15_bin_feature_interconnect_capex_mw_q_3_weights_mw__UTC-5,03218ab64cc12e1f9a3a224eca5673a6d95ce74c59f122aabd623d2be012944c
SRSG_OffShoreWind_Class12_Moderate__technology_offshorewind_turbine_type_floating_pref_site_0_filter_feature_lcoe_max_150_feature_d_shore_m_min_15_bin_feature_interconnect_capex_mw_q_3_weights_mw__UTC-5,64f042749a226abe418b919b691b242057493b72a494d4e3763a99b8f6652fd7
TRE_LandbasedWind_Class3_Moderate__technology_landbasedwind_group_anyQual_min_capacity_200000_bin_feature_lcoe_q_6_weights_mw_cluster_feature_cf_mw_per_cluster_5000_method_agg__UTC-5,477e3b195e3ca8cf7a0c21e6b9fd66f8c9e800287a6ef3e2c4ed58d573d6291d
TRE_UtilityPV_Class1_Moderate__technology_utilitypv_group_anyQual_min_capacity_100000_filter_feature_lcoe_max_40_bin_feature_lcoe_weights_mw_q_5_cluster_feature_cf_mw_per_cluster_10000_method_agg__UTC-5,904fcfb85a6b0adc231d8e8a9a4463975dec3625d712984a689a0477118d29a0
TRE_OffShoreWind_Class3_Moderate__technology_offshorewind_turbine_type_fixed_pref_site_1_filter_feature_lcoe_max_150_feature_d_shore_m_min_15_bin_feature_interconnect_capex_mw_q_3_weights_mw__UTC-5,2ee8dda92318d060def462a50161c85d3b9058f193bb02441de490f6ef206944
TRE_OffShoreWind_Class12_Moderate__technology_offshorewind_turbine_type_floating_pref_site_1_filter_feature_lcoe_max_150_weights_mw_feature_d_shore_m_min_15_bin_feature_interconnect_capex_mw_q_3_weights_mw__UTC-5,b4e395a1e0796aa8dbda90e7beae0d4c3f5df6c1ad2cb6b5ce4f26f6ed7f8977
TRE_OffShoreWind_Class3_Moderate__technology_offshorewind_turbine_type_fixed_pref_site_0_filter_feature_lcoe_max_150_feature_d_shore_m_min_15_bin_feature_interconnect_capex_mw_q_3_weights_mw__UTC-5,1b8d3d5bba678ed3f554dc25cbb90b3117501a7695a7093d310a2ccfb20c5541
TRE_OffShoreWind_Class12_Moderate__technology_offshorewind_turbine_type_floating_pref_site_0_filter_feature_lcoe_max_150_feature_d_shore_m_min_15_bin_feature_interconnect_capex_mw_q_3_weights_mw__UTC-5,55f6e99b303a51018463d33c074ea93b7fa8dfa3554f3132431e2024131ff6ad
TREW_LandbasedWind_Class3_Moderate__technology_landbasedwind_group_anyQual_min_capacity_100000_filter_feature_lcoe_max_40_bin_feature_lcoe_q_6_weights_mw_cluster_feature_cf_mw_per_cluster_5000_method_agg__UTC-5,9ecec26f8b2e0a1a5f298d556282a9d007f5a19173c728be23014babbcd668e5
TREW_UtilityPV_Class1_Moderate__technology_utilitypv_group_anyQual_min_capacity_50000_bin_feature_lcoe_weights_mw_q_5_cluster_feature_cf_mw_per_cluster_10000_method_agg__UTC-5,fbbd456b84f11230a640919f390627be4ab6a841b483836767ee442a451ce084
TREW_OffShoreWind_Class3_Moderate__technology_offshorewind_turbine_type_fixed_pref_site_1_filter_feature_lcoe_max_150_feature_d_shore_m_min_15_bin_feature_interconnect_capex_mw_q_3_weights_mw__UTC-5,fa02c44ecdc6ac68347be7189fd31028667a7249eb5680fcf39d54e1eddb2c82
TREW_OffShoreWind_Class12_Moderate__technology_offshorewind_turbine_type_floating_pref_site_1_filter_feature_lcoe_max_150_weights_mw_feature_d_shore_m_min_15_bin_feature_interconnect_capex_mw_q_3_weights_mw__UTC-5,3fa89605c06666c2a92e4bd1bbee538b83752716942517fbd4bf72be8fb64e45
TREW_OffShoreWind_Class3_Moderate__technology_offshorewind_turbine_type_fixed_pref_site_0_filter_feature_lcoe_max_150_feature_d_shore_m_min_15_bin_feature_interconnect_capex_mw_q_3_weights_mw__UTC-5,ec3889c7d00703b708c128f3b605cabf1c35e69526cbe80a922a6287cccec9a8
TREW_OffShoreWind_Class12_Moderate__technology_offshorewind_turbine_type_floating_pref_site_0_filter_feature_lcoe_max_150_feature_d_shore_m_min_15_bin_feature_interconnect_capex_mw_q_3_weights_mw__UTC-5,5e6c9858718ee26259455d34a04ea7442d1805755f8644b11abdceb737cab718
